,Latitude,Longitude,Altitude,Aerosol_Type,Date
0,45.59467401722382,-121.45301067678491,3.37,6,2006-08-14
1,45.59764531087057,-121.4540870896414,3.37,6,2006-08-14
2,45.60061666227011,-121.45516422620165,3.37,6,2006-08-14
3,45.60358786530742,-121.45624238716582,3.37,6,2006-08-14
4,45.60655871386744,-121.45732187323392,3.37,6,2006-08-14
5,45.60952900183512,-121.458402985106,3.37,6,2006-08-14
6,45.61249852309537,-121.45948602348216,3.37,6,2006-08-14
7,45.6154670715332,-121.46057128906249,3.37,6,2006-08-14
8,45.61843449363288,-121.46165899087912,3.37,6,2006-08-14
9,45.62140084627631,-121.46274897129292,3.37,6,2006-08-14
10,45.62436623894464,-121.4638409809967,3.37,6,2006-08-14
11,45.62733078111911,-121.46493477068336,3.37,6,2006-08-14
12,45.63029458228097,-121.46603009104584,3.37,6,2006-08-14
13,45.63325775191142,-121.46712669277709,3.37,6,2006-08-14
14,45.63622039949165,-121.46822432656982,3.37,6,2006-08-14
15,45.63918263450289,-121.46932274311712,3.37,6,2006-08-14
16,45.64214456642638,-121.4704216931118,3.37,6,2006-08-14
17,45.645106304743294,-121.47152092724676,3.37,6,2006-08-14
18,45.64806795893489,-121.47262019621488,3.37,6,2006-08-14
19,45.65102963848237,-121.47371925070917,3.37,6,2006-08-14
20,45.65399145286695,-121.47481784142238,3.37,6,2006-08-14
21,45.65695351156983,-121.47591571904746,3.37,6,2006-08-14
22,45.659915924072266,-121.47701263427736,3.37,6,2006-08-14
23,45.66287878479397,-121.47810838693718,3.37,6,2006-08-14
24,45.66584212790895,-121.4792029733814,3.37,6,2006-08-14
25,45.66880597252963,-121.48029643909663,3.37,6,2006-08-14
26,45.67177033776856,-121.48138882956953,3.37,6,2006-08-14
27,45.674735242738215,-121.48248019028682,3.37,6,2006-08-14
28,45.67770070655109,-121.4835705667352,3.37,6,2006-08-14
29,45.68066674831966,-121.48466000440123,3.37,6,2006-08-14
30,45.68363338715644,-121.48574854877172,3.19,6,2006-08-14
31,45.68660064217392,-121.48683624533328,3.19,6,2006-08-14
32,45.68956853248458,-121.48792313957252,3.19,6,2006-08-14
33,45.692537077200925,-121.48900927697622,3.19,6,2006-08-14
34,45.69550629543546,-121.49009470303106,3.19,6,2006-08-14
35,45.69847620630066,-121.49117946322362,3.19,6,2006-08-14
36,45.70144682890902,-121.4922636030406,3.19,6,2006-08-14
37,45.70441818237305,-121.49334716796876,3.19,6,2006-08-14
38,45.70739024032845,-121.4944302252248,3.19,6,2006-08-14
39,45.71036279450399,-121.49551292894598,3.19,6,2006-08-14
40,45.71333559115162,-121.49659545499966,3.19,6,2006-08-14
41,45.716308376523294,-121.49767797925314,3.19,6,2006-08-14
42,45.719280896871005,-121.49876067757384,3.19,6,2006-08-14
43,45.72225289844673,-121.49984372582912,3.19,6,2006-08-14
44,45.7252241275024,-121.50092729988624,3.19,6,2006-08-14
45,45.72819433029001,-121.50201157561258,3.19,6,2006-08-14
46,45.73116325306153,-121.50309672887552,3.19,6,2006-08-14
47,45.734130642068905,-121.5041829355424,3.19,6,2006-08-14
48,45.73709624356414,-121.50527037148052,3.19,6,2006-08-14
49,45.74005980379919,-121.50635921255734,3.19,6,2006-08-14
50,45.743021069026014,-121.5074496346401,3.19,6,2006-08-14
51,45.74597978549659,-121.50854181359615,3.19,6,2006-08-14
52,45.7489356994629,-121.50963592529294,3.19,6,2006-08-14
53,45.75188866033205,-121.51073206605896,3.19,6,2006-08-14
54,45.75483893013192,-121.51183001406817,3.19,6,2006-08-14
55,45.75778687404551,-121.51292946795552,3.19,6,2006-08-14
56,45.76073285725582,-121.51403012635608,3.19,6,2006-08-14
57,45.76367724494588,-121.515131687905,3.19,6,2006-08-14
58,45.76662040229873,-121.51623385123736,3.19,6,2006-08-14
59,45.76956269449733,-121.51733631498816,3.19,6,2006-08-14
60,45.772504486724735,-121.51843877779255,3.19,6,2006-08-14
61,45.775446144163965,-121.5195409382856,3.19,6,2006-08-14
62,45.778388031998,-121.52064249510232,3.19,6,2006-08-14
63,45.78133051540987,-121.52174314687784,3.19,6,2006-08-14
64,45.78427395958262,-121.5228425922473,3.19,6,2006-08-14
65,45.78721872969922,-121.52394052984566,3.19,6,2006-08-14
66,45.790165190942695,-121.525036658308,3.19,6,2006-08-14
67,45.793113708496094,-121.52613067626956,3.19,6,2006-08-14
68,45.79606454940525,-121.52722237307884,3.19,6,2006-08-14
69,45.79901758816748,-121.52831190093936,3.19,6,2006-08-14
70,45.80197260114293,-121.52939950276804,3.19,6,2006-08-14
71,45.80492936469176,-121.53048542148184,3.19,6,2006-08-14
72,45.80788765517412,-121.53156989999783,3.19,6,2006-08-14
73,45.81084724895018,-121.53265318123304,3.19,6,2006-08-14
74,45.81380792238007,-121.53373550810431,3.19,6,2006-08-14
75,45.816769451823966,-121.53481712352875,3.19,6,2006-08-14
76,45.81973161364202,-121.5358982704234,3.19,6,2006-08-14
77,45.82269418419436,-121.53697919170511,3.19,6,2006-08-14
78,45.82565693984118,-121.53806013029096,3.19,6,2006-08-14
79,45.82861965694263,-121.53914132909796,3.19,6,2006-08-14
80,45.83158211185884,-121.54022303104308,3.19,6,2006-08-14
81,45.834544080949954,-121.54130547904326,3.19,6,2006-08-14
82,45.837505340576186,-121.54238891601562,3.19,6,2006-08-14
83,45.84046570443843,-121.54347353892008,3.19,6,2006-08-14
84,45.84342513560095,-121.54455936088893,3.19,6,2006-08-14
85,45.84638363446872,-121.54564634909732,3.19,6,2006-08-14
86,45.84934120144675,-121.54673447072057,3.19,6,2006-08-14
87,45.85229783694008,-121.54782369293386,3.19,6,2006-08-14
88,45.8552535413537,-121.54891398291254,3.19,6,2006-08-14
89,45.85820831509262,-121.5500053078317,3.19,6,2006-08-14
90,45.861162158561854,-121.55109763486668,2.62,3,2006-08-14
91,45.86411507216644,-121.55219093119273,2.62,3,2006-08-14
92,45.86706705631133,-121.55328516398498,2.62,3,2006-08-14
93,45.87001811140159,-121.5543803004188,2.62,3,2006-08-14
94,45.87296823784222,-121.55547630766942,2.62,3,2006-08-14
95,45.87591743603823,-121.55657315291204,2.62,3,2006-08-14
96,45.87886570639461,-121.55767080332186,2.62,3,2006-08-14
97,45.8818130493164,-121.55876922607422,2.62,3,2006-08-14
98,45.88475948745074,-121.55986836390926,2.62,3,2006-08-14
99,45.88770513241341,-121.56096806182728,2.62,3,2006-08-14
100,45.8906501180623,-121.5620681403934,2.62,3,2006-08-14
101,45.8935945782553,-121.5631684201728,2.62,3,2006-08-14
102,45.89653864685036,-121.56426872173078,2.62,3,2006-08-14
103,45.89948245770535,-121.56536886563252,2.62,3,2006-08-14
104,45.9024261446782,-121.56646867244312,2.62,3,2006-08-14
105,45.9053698416268,-121.56756796272782,2.62,3,2006-08-14
106,45.90831368240907,-121.56866655705188,2.62,3,2006-08-14
107,45.91125780088289,-121.5697642759804,2.62,3,2006-08-14
108,45.9142023309062,-121.5708609400786,2.62,3,2006-08-14
109,45.9171474063369,-121.5719563699118,2.62,3,2006-08-14
110,45.92009316103288,-121.57305038604504,2.62,3,2006-08-14
111,45.92303972885205,-121.5741428090436,2.62,3,2006-08-14
112,45.92598724365234,-121.57523345947266,2.62,3,2006-08-14
113,45.92893578192934,-121.5763222292564,2.62,3,2006-08-14
114,45.93188519072957,-121.57740929575525,2.62,3,2006-08-14
115,45.93483525973717,-121.57849490768844,2.62,3,2006-08-14
116,45.93778577863636,-121.57957931377535,2.62,3,2006-08-14
117,45.94073653711136,-121.5806627627354,2.62,3,2006-08-14
118,45.943687324846366,-121.58174550328792,2.62,3,2006-08-14
119,45.94663793152552,-121.58282778415222,2.62,3,2006-08-14
120,45.94958814683305,-121.58390985404765,2.62,3,2006-08-14
121,45.95253776045316,-121.58499196169362,2.62,3,2006-08-14
122,45.95548656207003,-121.58607435580932,2.62,3,2006-08-14
123,45.958434341367855,-121.58715728511432,2.62,3,2006-08-14
124,45.96138088803087,-121.58824099832788,2.62,3,2006-08-14
125,45.96432599174321,-121.58932574416932,2.62,3,2006-08-14
126,45.967269442189085,-121.590411771358,2.62,3,2006-08-14
127,45.970211029052734,-121.5914993286133,2.62,3,2006-08-14
128,45.97315060680992,-121.59258860032224,2.62,3,2006-08-14
129,45.97608828910303,-121.59367951354298,2.62,3,2006-08-14
130,45.97902425436597,-121.59477193100128,2.62,3,2006-08-14
131,45.98195868103272,-121.5958657154229,2.62,3,2006-08-14
132,45.98489174753724,-121.59696072953372,2.62,3,2006-08-14
133,45.98782363231353,-121.59805683605954,2.62,3,2006-08-14
134,45.99075451379546,-121.59915389772608,2.62,3,2006-08-14
135,45.99368457041706,-121.6002517772592,2.62,3,2006-08-14
136,45.99661398061226,-121.60135033738472,2.62,3,2006-08-14
137,45.99954292281502,-121.60244944082838,2.62,3,2006-08-14
138,46.0024715754593,-121.60354895031604,2.62,3,2006-08-14
139,46.00540011697908,-121.60464872857354,2.62,3,2006-08-14
140,46.00832872580829,-121.6057486383266,2.62,3,2006-08-14
141,46.011257580380885,-121.606848542301,2.62,3,2006-08-14
142,46.01418685913085,-121.60794830322268,2.62,3,2006-08-14
143,46.01711671727223,-121.60904779572408,2.62,3,2006-08-14
144,46.020047217139656,-121.610146942065,2.62,3,2006-08-14
145,46.022978397847766,-121.61124567641194,2.62,3,2006-08-14
146,46.02591029851125,-121.61234393293132,2.62,3,2006-08-14
147,46.02884295824485,-121.61344164578976,2.62,3,2006-08-14
148,46.03177641616322,-121.61453874915368,2.62,3,2006-08-14
149,46.03471071138105,-121.61563517718956,2.62,3,2006-08-14
150,46.03764588301306,-121.61673086406395,2.62,3,2006-08-14
151,46.04058197017393,-121.61782574394336,2.62,3,2006-08-14
152,46.04351901197834,-121.6189197509942,2.62,3,2006-08-14
153,46.04645704754101,-121.62001281938306,2.62,3,2006-08-14
154,46.04939611597661,-121.62110488327646,2.62,3,2006-08-14
155,46.05233625639984,-121.6221958768408,2.62,3,2006-08-14
156,46.05527750792538,-121.6232857342426,2.62,3,2006-08-14
157,46.05821990966797,-121.62437438964844,2.62,3,2006-08-14
158,46.06116347344637,-121.62546183235938,2.62,3,2006-08-14
159,46.064108101895975,-121.62654827221536,2.62,3,2006-08-14
160,46.06705367035623,-121.62763397419086,2.62,3,2006-08-14
161,46.070000054166606,-121.62871920326036,2.62,3,2006-08-14
162,46.0729471286666,-121.62980422439848,2.62,3,2006-08-14
163,46.0758947691957,-121.6308893025797,2.62,3,2006-08-14
164,46.07884285109332,-121.63197470277848,2.62,3,2006-08-14
165,46.08179124969897,-121.6330606899694,2.62,3,2006-08-14
166,46.08473984035216,-121.63414752912702,2.62,3,2006-08-14
167,46.08768849839228,-121.63523548522572,2.62,3,2006-08-14
168,46.09063709915888,-121.63632482324016,2.62,3,2006-08-14
169,46.09358551799142,-121.63741580814484,2.62,3,2006-08-14
170,46.09653363022935,-121.63850870491424,2.62,3,2006-08-14
171,46.09948131121214,-121.63960377852284,2.62,3,2006-08-14
172,46.1024284362793,-121.6407012939453,2.62,3,2006-08-14
173,46.105374911448365,-121.64180143516812,2.62,3,2006-08-14
174,46.10832076544932,-121.6429040622267,2.62,3,2006-08-14
175,46.1112660576902,-121.64400895416834,2.62,3,2006-08-14
176,46.11421084757906,-121.64511589004044,2.62,3,2006-08-14
177,46.11715519452395,-121.64622464889044,2.62,3,2006-08-14
178,46.12009915793294,-121.64733500976575,2.62,3,2006-08-14
179,46.12304279721405,-121.64844675171372,2.62,3,2006-08-14
180,46.12598617177535,-121.64955965378178,2.62,3,2006-08-14
181,46.128929341024914,-121.65067349501732,2.62,3,2006-08-14
182,46.131872364370736,-121.65178805446766,2.62,3,2006-08-14
183,46.134815301220925,-121.65290311118032,2.62,3,2006-08-14
184,46.13775821098352,-121.65401844420266,2.62,3,2006-08-14
185,46.14070115306655,-121.65513383258204,2.62,3,2006-08-14
186,46.143644186878085,-121.65624905536583,2.62,3,2006-08-14
187,46.146587371826186,-121.65736389160156,2.62,3,2006-08-14
188,46.14953075441285,-121.65847816309709,2.62,3,2006-08-14
189,46.15247432951602,-121.65959186270295,2.62,3,2006-08-14
190,46.155418079107584,-121.6607050260302,2.62,3,2006-08-14
191,46.158361985159424,-121.6618176886899,2.62,3,2006-08-14
192,46.161306029643455,-121.66292988629309,2.62,3,2006-08-14
193,46.164250194531576,-121.66404165445088,2.62,3,2006-08-14
194,46.167194461795646,-121.66515302877428,2.62,3,2006-08-14
195,46.170138813407576,-121.6662640448744,2.62,3,2006-08-14
196,46.17308323133927,-121.66737473836233,2.62,3,2006-08-14
197,46.1760276975626,-121.668485144849,2.62,3,2006-08-14
198,46.17897219404948,-121.6695952999456,2.62,3,2006-08-14
199,46.18191670277181,-121.6707052392632,2.62,3,2006-08-14
200,46.18486120570145,-121.6718149984128,2.62,3,2006-08-14
201,46.18780568481032,-121.67292461300548,2.62,3,2006-08-14
202,46.19075012207031,-121.67403411865232,2.62,3,2006-08-14
203,46.19369450118454,-121.67514353776886,2.62,3,2006-08-14
204,46.19663881278112,-121.6762528399887,2.62,3,2006-08-14
205,46.199583049219335,-121.67736198174975,2.62,3,2006-08-14
206,46.20252720285852,-121.67847091949017,2.62,3,2006-08-14
207,46.20547126605802,-121.6795796096479,2.62,3,2006-08-14
208,46.20841523117714,-121.6806880086611,2.62,3,2006-08-14
209,46.21135909057518,-121.68179607296764,2.62,3,2006-08-14
210,46.214302836611495,-121.68290375900564,2.62,3,2006-08-14
211,46.21724646164539,-121.6840110232131,2.62,3,2006-08-14
212,46.220189958036165,-121.68511782202808,2.62,3,2006-08-14
213,46.223133318143184,-121.6862241118886,2.62,3,2006-08-14
214,46.22607653432576,-121.68732984923273,2.62,3,2006-08-14
215,46.22901959894318,-121.68843499049844,2.62,3,2006-08-14
216,46.23196250435479,-121.6895394921238,2.62,3,2006-08-14
217,46.23490524291993,-121.69064331054686,2.62,3,2006-08-14
218,46.23784781523951,-121.69174642579036,2.62,3,2006-08-14
219,46.24079025488108,-121.6928489122163,2.62,3,2006-08-14
220,46.24373260365374,-121.69395086777136,2.62,3,2006-08-14
221,46.24667490336663,-121.69505239040214,2.62,3,2006-08-14
222,46.24961719582892,-121.69615357805552,2.62,3,2006-08-14
223,46.25255952284973,-121.69725452867812,2.62,3,2006-08-14
224,46.25550192623818,-121.6983553402166,2.62,3,2006-08-14
225,46.25844444780342,-121.6994561106177,2.62,3,2006-08-14
226,46.2613871293546,-121.70055693782814,2.62,3,2006-08-14
227,46.264330012700825,-121.70165791979454,2.62,3,2006-08-14
228,46.26727313965125,-121.7027591544637,2.62,3,2006-08-14
229,46.27021655201504,-121.70386073978231,2.62,3,2006-08-14
230,46.27316029160127,-121.704962773697,2.62,3,2006-08-14
231,46.27610440021912,-121.70606535415452,2.62,3,2006-08-14
232,46.27904891967773,-121.70716857910156,2.62,3,2006-08-14
233,46.2819938650004,-121.70827251507356,2.62,3,2006-08-14
234,46.2849391440672,-121.709377102961,2.62,3,2006-08-14
235,46.28788463797235,-121.7104822522429,2.62,3,2006-08-14
236,46.29083022781008,-121.71158787239848,2.62,3,2006-08-14
237,46.29377579467464,-121.71269387290695,2.62,3,2006-08-14
238,46.29672121966028,-121.71380016324746,2.62,3,2006-08-14
239,46.2996663838612,-121.71490665289906,2.62,3,2006-08-14
240,46.30261116837164,-121.71601325134102,2.62,3,2006-08-14
241,46.30555545428585,-121.71711986805244,2.62,3,2006-08-14
242,46.30849912269805,-121.71822641251244,2.62,3,2006-08-14
243,46.311442054702496,-121.71933279420026,2.62,3,2006-08-14
244,46.31438413139343,-121.72043892259504,2.62,3,2006-08-14
245,46.31732523386505,-121.72154470717592,2.62,3,2006-08-14
246,46.3202652432116,-121.722650057422,2.62,3,2006-08-14
247,46.323204040527344,-121.72375488281251,2.62,3,2006-08-14
248,46.3261415425124,-121.72485911576716,2.62,3,2006-08-14
249,46.329077808290585,-121.7259627804682,2.62,3,2006-08-14
250,46.33201293259162,-121.72706592403836,2.62,3,2006-08-14
251,46.33494701014523,-121.7281685936004,2.62,3,2006-08-14
252,46.33788013568115,-121.7292708362772,2.62,3,2006-08-14
253,46.34081240392909,-121.73037269919152,2.62,3,2006-08-14
254,46.34374390961876,-121.73147422946607,2.62,3,2006-08-14
255,46.346674747479895,-121.7325754742237,2.62,3,2006-08-14
256,46.34960501224222,-121.7336764805872,2.62,3,2006-08-14
257,46.35253479863543,-121.73477729567932,2.62,3,2006-08-14
258,46.35546420138929,-121.73587796662284,2.62,3,2006-08-14
259,46.35839331523351,-121.73697854054066,2.62,3,2006-08-14
260,46.3613222348978,-121.73807906455546,2.62,3,2006-08-14
261,46.364251055111865,-121.73917958579,2.62,3,2006-08-14
262,46.36717987060548,-121.74028015136716,2.62,3,2006-08-14
263,46.37010877123796,-121.74138082039649,2.62,3,2006-08-14
264,46.37303782738743,-121.7424816999348,2.62,3,2006-08-14
265,46.375967104561546,-121.74358290902556,2.62,3,2006-08-14
266,46.37889666826801,-121.74468456671246,2.62,3,2006-08-14
267,46.381826584014576,-121.7457867920391,2.62,3,2006-08-14
268,46.38475691730893,-121.74688970404904,2.62,3,2006-08-14
269,46.38768773365879,-121.74799342178584,2.62,3,2006-08-14
270,46.390619098571854,-121.74909806429312,2.62,3,2006-08-14
271,46.39355107755585,-121.75020375061445,2.62,3,2006-08-14
272,46.39648373611844,-121.75131059979336,2.62,3,2006-08-14
273,46.3994171397674,-121.7524187308735,2.62,3,2006-08-14
274,46.40235135401042,-121.75352826289851,2.62,3,2006-08-14
275,46.40528644435519,-121.75463931491188,2.62,3,2006-08-14
276,46.40822247630943,-121.7557520059572,2.62,3,2006-08-14
277,46.41115951538086,-121.75686645507812,2.62,3,2006-08-14
278,46.41409760530119,-121.75798271269088,2.62,3,2006-08-14
279,46.41703670269828,-121.759100554703,2.62,3,2006-08-14
280,46.41997674242396,-121.76021968839449,2.62,3,2006-08-14
281,46.42291765933006,-121.76133982104544,2.62,3,2006-08-14
282,46.425859388268485,-121.76246065993614,2.62,3,2006-08-14
283,46.42880186409105,-121.76358191234662,2.62,3,2006-08-14
284,46.4317450216496,-121.76470328555698,2.62,3,2006-08-14
285,46.434688795796,-121.7658244868474,2.62,3,2006-08-14
286,46.437633121382106,-121.766945223498,2.62,3,2006-08-14
287,46.44057793325974,-121.76806520278888,2.62,3,2006-08-14
288,46.44352316628078,-121.76918413200018,2.62,3,2006-08-14
289,46.44646875529708,-121.77030171841209,2.62,3,2006-08-14
290,46.44941463516046,-121.77141766930468,2.62,3,2006-08-14
291,46.45236074072278,-121.77253169195802,2.62,3,2006-08-14
292,46.45530700683594,-121.77364349365236,2.62,3,2006-08-14
293,46.45825337555489,-121.77475287916891,2.62,3,2006-08-14
294,46.461199817747534,-121.77586004329387,2.62,3,2006-08-14
295,46.4641463114848,-121.77696527831448,2.62,3,2006-08-14
296,46.46709283483772,-121.778068876518,2.62,3,2006-08-14
297,46.47003936587728,-121.77917113019176,2.62,3,2006-08-14
298,46.47298588267451,-121.78027233162308,2.62,3,2006-08-14
299,46.47593236330035,-121.78137277309918,2.62,3,2006-08-14
300,46.47887878582585,-121.7824727469074,2.62,3,2006-08-14
301,46.48182512832199,-121.783572545335,2.62,3,2006-08-14
302,46.48477136885976,-121.78467246066924,2.62,3,2006-08-14
303,46.48771748551016,-121.7857727851975,2.62,3,2006-08-14
304,46.49066345634424,-121.78687381120704,2.62,3,2006-08-14
305,46.49360925943292,-121.78797583098512,2.62,3,2006-08-14
306,46.49655487284723,-121.789079136819,2.62,3,2006-08-14
307,46.4995002746582,-121.7901840209961,2.62,3,2006-08-14
308,46.50244544833308,-121.79129070760884,2.62,3,2006-08-14
309,46.505390398924405,-121.79239914797144,2.62,3,2006-08-14
310,46.50833513688093,-121.79350922520308,2.62,3,2006-08-14
311,46.51127967265145,-121.79462082242308,2.62,3,2006-08-14
312,46.51422401668477,-121.79573382275082,2.62,3,2006-08-14
313,46.51716817942967,-121.7968481093056,2.62,3,2006-08-14
314,46.52011217133493,-121.7979635652067,2.62,3,2006-08-14
315,46.52305600284936,-121.7990800735735,2.62,3,2006-08-14
316,46.52599968442174,-121.80019751752532,2.62,3,2006-08-14
317,46.52894322650083,-121.80131578018138,2.62,3,2006-08-14
318,46.531886639535465,-121.80243474466116,2.62,3,2006-08-14
319,46.53482993397443,-121.80355429408392,2.62,3,2006-08-14
320,46.537773120266486,-121.80467431156892,2.62,3,2006-08-14
321,46.54071620886043,-121.80579468023556,2.62,3,2006-08-14
322,46.54365921020508,-121.80691528320312,2.62,3,2006-08-14
323,46.5466021579537,-121.80803600480512,2.62,3,2006-08-14
324,46.549545178577766,-121.80915673423216,2.62,3,2006-08-14
325,46.552488421753175,-121.81027736188877,2.62,3,2006-08-14
326,46.55543203715589,-121.8113977781797,2.62,3,2006-08-14
327,46.55837617446187,-121.81251787350966,2.62,3,2006-08-14
328,46.56132098334705,-121.81363753828342,2.62,3,2006-08-14
329,46.56426661348736,-121.81475666290552,2.62,3,2006-08-14
330,46.56721321455875,-121.81587513778072,2.65,5,2006-08-14
331,46.57016093623717,-121.81699285331372,2.65,5,2006-08-14
332,46.57310992819856,-121.8181096999092,2.65,5,2006-08-14
333,46.57606034011887,-121.81922556797186,2.65,5,2006-08-14
334,46.579012321674064,-121.82034034790642,2.65,5,2006-08-14
335,46.58196602254005,-121.82145393011754,2.65,5,2006-08-14
336,46.58492159239276,-121.82256620500988,2.65,5,2006-08-14
337,46.58787918090821,-121.82367706298828,2.65,5,2006-08-14
338,46.59083885989291,-121.8247864600555,2.65,5,2006-08-14
339,46.59380038967614,-121.82589461460805,2.65,5,2006-08-14
340,46.59676345271768,-121.8270018106402,2.65,5,2006-08-14
341,46.59972773147738,-121.8281083321467,2.65,5,2006-08-14
342,46.60269290841512,-121.829214463122,2.65,5,2006-08-14
343,46.605658665990745,-121.83032048756075,2.65,5,2006-08-14
344,46.60862468666407,-121.83142668945736,2.65,5,2006-08-14
345,46.61159065289496,-121.83253335280644,2.65,5,2006-08-14
346,46.61455624714326,-121.83364076160257,2.65,5,2006-08-14
347,46.61752115186879,-121.83474919984016,2.65,5,2006-08-14
348,46.62048504953145,-121.83585895151391,2.65,5,2006-08-14
349,46.62344762259106,-121.83697030061836,2.65,5,2006-08-14
350,46.62640855350745,-121.83808353114796,2.65,5,2006-08-14
351,46.62936752474047,-121.83919892709729,2.65,5,2006-08-14
352,46.63232421875,-121.84031677246094,2.65,5,2006-08-14
353,46.63527840733931,-121.84143725038632,2.65,5,2006-08-14
354,46.63823021968566,-121.84256014063286,2.65,5,2006-08-14
355,46.641179874309735,-121.84368512211272,2.65,5,2006-08-14
356,46.64412758973221,-121.84481187373817,2.65,5,2006-08-14
357,46.64707358447381,-121.84594007442156,2.65,5,2006-08-14
358,46.65001807705524,-121.8470694030751,2.65,5,2006-08-14
359,46.65296128599714,-121.848199538611,2.65,5,2006-08-14
360,46.655903429820256,-121.8493301599416,2.65,5,2006-08-14
361,46.65884472704528,-121.85046094597917,2.65,5,2006-08-14
362,46.66178539619286,-121.85159157563584,2.65,5,2006-08-14
363,46.66472565578376,-121.85272172782406,2.65,5,2006-08-14
364,46.66766572433865,-121.853851081456,2.65,5,2006-08-14
365,46.6706058203782,-121.85497931544391,2.65,5,2006-08-14
366,46.67354616242312,-121.85610610870005,2.65,5,2006-08-14
367,46.67648696899414,-121.85723114013676,2.65,5,2006-08-14
368,46.67942841420573,-121.85835416423092,2.65,5,2006-08-14
369,46.682370494547776,-121.85947523771878,2.65,5,2006-08-14
370,46.68531316210392,-121.86059449290109,2.65,5,2006-08-14
371,46.688256368957845,-121.86171206207864,2.65,5,2006-08-14
372,46.69120006719325,-121.86282807755244,2.65,5,2006-08-14
373,46.69414420889379,-121.86394267162328,2.65,5,2006-08-14
374,46.69708874614312,-121.8650559765919,2.65,5,2006-08-14
375,46.70003363102493,-121.86616812475926,2.65,5,2006-08-14
376,46.702978815622906,-121.8672792484262,2.65,5,2006-08-14
377,46.70592425202068,-121.86838947989344,2.65,5,2006-08-14
378,46.70886989230196,-121.869498951462,2.65,5,2006-08-14
379,46.71181568855043,-121.87060779543266,2.65,5,2006-08-14
380,46.714761592849726,-121.87171614410626,2.65,5,2006-08-14
381,46.71770755728354,-121.8728241297836,2.65,5,2006-08-14
382,46.720653533935554,-121.87393188476562,2.65,5,2006-08-14
383,46.72359949422349,-121.87503955017328,2.65,5,2006-08-14
384,46.72654548690151,-121.8761473024085,2.65,5,2006-08-14
385,46.72949158005776,-121.87725532669322,2.65,5,2006-08-14
386,46.73243784178042,-121.87836380824945,2.65,5,2006-08-14
387,46.7353843401577,-121.87947293229928,2.65,5,2006-08-14
388,46.73833114327782,-121.88058288406474,2.65,5,2006-08-14
389,46.7412783192289,-121.88169384876775,2.65,5,2006-08-14
390,46.74422593609917,-121.88280601163044,2.65,5,2006-08-14
391,46.74717406197681,-121.8839195578748,2.65,5,2006-08-14
392,46.75012276494999,-121.8850346727228,2.65,5,2006-08-14
393,46.75307211310693,-121.88615154139652,2.65,5,2006-08-14
394,46.75602217453582,-121.88727034911804,2.65,5,2006-08-14
395,46.75897301732482,-121.88839128110926,2.65,5,2006-08-14
396,46.76192470956212,-121.88951452259224,2.65,5,2006-08-14
397,46.764877319335945,-121.89064025878906,2.65,5,2006-08-14
398,46.76783088067397,-121.8917685821606,2.65,5,2006-08-14
399,46.77078529136218,-121.8928992141237,2.65,5,2006-08-14
400,46.77374041512601,-121.89403178333394,2.65,5,2006-08-14
401,46.776696115690896,-121.89516591844702,2.65,5,2006-08-14
402,46.77965225678235,-121.89630124811868,2.65,5,2006-08-14
403,46.78260870212584,-121.8974374010046,2.65,5,2006-08-14
404,46.7855653154468,-121.89857400576034,2.65,5,2006-08-14
405,46.78852196047069,-121.89971069104172,2.65,5,2006-08-14
406,46.79147850092303,-121.90084708550434,2.65,5,2006-08-14
407,46.79443480052922,-121.90198281780388,2.65,5,2006-08-14
408,46.79739072301476,-121.90311751659608,2.65,5,2006-08-14
409,46.80034613210514,-121.9042508105366,2.65,5,2006-08-14
410,46.80330089152578,-121.90538232828104,2.65,5,2006-08-14
411,46.80625486500216,-121.90651169848518,2.65,5,2006-08-14
412,46.80920791625977,-121.90763854980467,2.65,5,2006-08-14
413,46.812159942291,-121.90876262445744,2.65,5,2006-08-14
414,46.81511097315614,-121.90988411891068,2.65,5,2006-08-14
415,46.81806107218239,-121.91100334319368,2.65,5,2006-08-14
416,46.82101030269697,-121.91212060733586,2.65,5,2006-08-14
417,46.82395872802714,-121.91323622136665,2.65,5,2006-08-14
418,46.8269064115001,-121.91435049531542,2.65,5,2006-08-14
419,46.829853416443065,-121.9154637392115,2.65,5,2006-08-14
420,46.83279980618325,-121.91657626308434,2.65,5,2006-08-14
421,46.83574564404791,-121.91768837696333,2.65,5,2006-08-14
422,46.83869099336423,-121.9188003908778,2.65,5,2006-08-14
423,46.841635917459456,-121.9199126148572,2.65,5,2006-08-14
424,46.84458047966083,-121.92102535893092,2.65,5,2006-08-14
425,46.84752474329552,-121.92213893312832,2.65,5,2006-08-14
426,46.85046877169077,-121.92325364747876,2.65,5,2006-08-14
427,46.85341262817384,-121.92436981201172,2.65,5,2006-08-14
428,46.8563563652264,-121.92548766914136,2.65,5,2006-08-14
429,46.85929999194827,-121.92660719082166,2.65,5,2006-08-14
430,46.862243506593686,-121.92772828139128,2.65,5,2006-08-14
431,46.86518690741692,-121.92885084518892,2.65,5,2006-08-14
432,46.86813019267228,-121.92997478655349,2.65,5,2006-08-14
433,46.87107336061401,-121.93110000982362,2.65,5,2006-08-14
434,46.87401640949639,-121.93222641933802,2.65,5,2006-08-14
435,46.876959337573695,-121.93335391943552,2.65,5,2006-08-14
436,46.8799021431002,-121.93448241445483,2.65,5,2006-08-14
437,46.88284482433016,-121.93561180873466,2.65,5,2006-08-14
438,46.88578737951787,-121.93674200661384,2.65,5,2006-08-14
439,46.88872980691762,-121.93787291243108,2.65,5,2006-08-14
440,46.89167210478364,-121.93900443052507,2.65,5,2006-08-14
441,46.894614271370216,-121.9401364652346,2.65,5,2006-08-14
442,46.89755630493165,-121.94126892089844,2.65,5,2006-08-14
443,46.90049821044633,-121.94240169147186,2.65,5,2006-08-14
444,46.90344001978941,-121.94353462937674,2.65,5,2006-08-14
445,46.9063817715601,-121.94466757665136,2.65,5,2006-08-14
446,46.90932350435768,-121.94580037533412,2.65,5,2006-08-14
447,46.91226525678144,-121.94693286746345,2.65,5,2006-08-14
448,46.91520706743061,-121.94806489507764,2.65,5,2006-08-14
449,46.91814897490444,-121.94919630021512,2.65,5,2006-08-14
450,46.92109101780223,-121.95032692491424,2.65,5,2006-08-14
451,46.9240332347232,-121.95145661121342,2.65,5,2006-08-14
452,46.92697566426664,-121.95258520115092,2.65,5,2006-08-14
453,46.929918345031794,-121.95371253676524,2.65,5,2006-08-14
454,46.93286131561796,-121.95483846009476,2.65,5,2006-08-14
455,46.935804614624345,-121.95596281317776,2.65,5,2006-08-14
456,46.93874828065024,-121.95708543805264,2.65,5,2006-08-14
457,46.94169235229492,-121.95820617675784,2.65,5,2006-08-14
458,46.94463684871559,-121.95932495335356,2.65,5,2006-08-14
459,46.94758171130153,-121.96044201998808,2.65,5,2006-08-14
460,46.95052686199989,-121.96155771083136,2.65,5,2006-08-14
461,46.953472222757895,-121.96267236005356,2.65,5,2006-08-14
462,46.95641771552276,-121.96378630182474,2.65,5,2006-08-14
463,46.959363262241695,-121.96489987031502,2.65,5,2006-08-14
464,46.96230878486188,-121.9660133996944,2.65,5,2006-08-14
465,46.96525420533054,-121.967127224133,2.65,5,2006-08-14
466,46.96819944559488,-121.96824167780092,2.65,5,2006-08-14
467,46.97114442760208,-121.9693570948682,2.65,5,2006-08-14
468,46.97408907329938,-121.97047380950498,2.65,5,2006-08-14
469,46.97703330463399,-121.97159215588132,2.65,5,2006-08-14
470,46.97997704355309,-121.9727124681673,2.65,5,2006-08-14
471,46.98292021200388,-121.97383508053296,2.65,5,2006-08-14
472,46.9858627319336,-121.97496032714844,2.65,5,2006-08-14
473,46.98880456016431,-121.97608843697216,2.65,5,2006-08-14
474,46.99174579301771,-121.97721921811602,2.65,5,2006-08-14
475,46.99468656169031,-121.97835237348016,2.65,5,2006-08-14
476,46.997626997378674,-121.9794876059648,2.65,5,2006-08-14
477,47.00056723127937,-121.98062461847027,2.65,5,2006-08-14
478,47.003507394588944,-121.98176311389672,2.65,5,2006-08-14
479,47.00644761850393,-121.98290279514433,2.65,5,2006-08-14
480,47.00938803422089,-121.98404336511338,2.65,5,2006-08-14
481,47.01232877293637,-121.98518452670407,2.65,5,2006-08-14
482,47.01526996584691,-121.98632598281658,2.65,5,2006-08-14
483,47.01821174414909,-121.98746743635118,2.65,5,2006-08-14
484,47.02115423903946,-121.98860859020814,2.65,5,2006-08-14
485,47.02409758171454,-121.98974914728755,2.65,5,2006-08-14
486,47.02704190337089,-121.99088881048972,2.65,5,2006-08-14
487,47.02998733520509,-121.99202728271484,2.65,5,2006-08-14
488,47.03293397877854,-121.99316432989926,2.65,5,2006-08-14
489,47.03588181711234,-121.99429997012396,2.65,5,2006-08-14
490,47.03883080359241,-121.9954342845059,2.65,5,2006-08-14
491,47.04178089160469,-121.9965673541622,2.65,5,2006-08-14
492,47.044732034535166,-121.99769926020994,2.65,5,2006-08-14
493,47.04768418576977,-121.9988300837662,2.65,5,2006-08-14
494,47.05063729869441,-121.99995990594792,2.65,5,2006-08-14
0,48.3267733493041,-119.41050739875028,3.55,6,2006-08-16
1,48.32970567477371,-119.41167534113268,3.55,6,2006-08-16
2,48.33263771607444,-119.41284235022373,3.55,6,2006-08-16
3,48.42389116464252,-119.4491259887007,4.24,6,2006-08-16
4,48.42684762588978,-119.4503078229425,4.24,6,2006-08-16
5,48.42980302563172,-119.45149120635874,4.24,6,2006-08-16
6,48.43275705739647,-119.4526762602882,4.24,6,2006-08-16
7,48.43570941471206,-119.45386310606943,4.24,6,2006-08-16
8,48.43865979110649,-119.45505186504111,4.24,6,2006-08-16
9,48.44160788010783,-119.45624265854175,4.24,6,2006-08-16
10,48.44455337524415,-119.45743560791016,4.24,6,2006-08-16
11,48.44749608088877,-119.45863076405124,4.24,6,2006-08-16
12,48.45043624479632,-119.45982789613603,4.24,6,2006-08-16
13,48.45337422556668,-119.46102670290183,4.24,6,2006-08-16
14,48.45631038179977,-119.462226883086,4.24,6,2006-08-16
15,48.45924507209551,-119.4634281354259,4.24,6,2006-08-16
16,48.46217865505382,-119.46463015865892,4.24,6,2006-08-16
17,48.46511148927458,-119.46583265152238,4.24,6,2006-08-16
18,48.46804393335771,-119.46703531275364,4.45,6,2006-08-16
19,48.47097634590313,-119.4682378410901,4.45,6,2006-08-16
20,48.473909085510726,-119.46943993526904,4.45,6,2006-08-16
21,48.47684251078044,-119.47064129402789,4.45,6,2006-08-16
22,48.47977698031217,-119.47184161610404,4.45,6,2006-08-16
23,48.48271285270581,-119.47304060023473,4.45,6,2006-08-16
24,48.48565048656128,-119.47423794515734,4.45,6,2006-08-16
25,48.48859024047852,-119.47543334960938,4.45,6,2006-08-16
26,48.49153238015122,-119.47662659396006,4.45,6,2006-08-16
27,48.49447679964864,-119.47781778510712,4.45,6,2006-08-16
28,48.49742330013373,-119.47900711158012,4.45,6,2006-08-16
29,48.50037168276956,-119.4801947619087,4.45,6,2006-08-16
30,48.503321748719166,-119.4813809246226,4.45,6,2006-08-16
31,48.50627329914556,-119.4825657882514,4.45,6,2006-08-16
32,48.50922613521176,-119.48374954132473,4.45,6,2006-08-16
33,48.5121800580808,-119.48493237237228,4.45,6,2006-08-16
34,48.51513486891571,-119.48611446992366,4.45,6,2006-08-16
35,48.51809036887949,-119.48729602250847,4.45,6,2006-08-16
36,48.52104635913522,-119.48847721865646,4.45,6,2006-08-16
37,48.52400264084591,-119.48965824689724,4.45,6,2006-08-16
38,48.52695901517456,-119.49083929576044,4.45,6,2006-08-16
39,48.52991528328421,-119.49202055377567,4.45,6,2006-08-16
40,48.53287124633791,-119.49320220947266,4.45,6,2006-08-16
41,48.5358267503943,-119.49438442586354,4.45,6,2006-08-16
42,48.53878182109482,-119.49556726389118,4.45,6,2006-08-16
43,48.54173652897648,-119.49675075898074,4.45,6,2006-08-16
44,48.54469094457632,-119.49793494655758,4.45,6,2006-08-16
45,48.547645138431406,-119.49911986204708,4.45,6,2006-08-16
46,48.55059918107878,-119.50030554087448,4.45,6,2006-08-16
47,48.553553143055474,-119.50149201846504,4.45,6,2006-08-16
48,48.55650709489852,-119.50267933024418,4.45,6,2006-08-16
49,48.559461107145,-119.50386751163715,4.45,6,2006-08-16
50,48.5624152503319,-119.50505659806926,4.45,6,2006-08-16
51,48.565369594996326,-119.50624662496588,4.45,6,2006-08-16
52,48.5683242116753,-119.50743762775228,4.45,6,2006-08-16
53,48.57127917090587,-119.50862964185372,4.45,6,2006-08-16
54,48.574234543225046,-119.50982270269554,4.45,6,2006-08-16
55,48.577190399169936,-119.51101684570314,4.45,6,2006-08-16
56,48.580146774593885,-119.5122120679646,4.45,6,2006-08-16
57,48.58310356661591,-119.51340821321996,4.45,6,2006-08-16
58,48.586060637671295,-119.51460508687188,4.45,6,2006-08-16
59,48.58901785019536,-119.51580249432314,4.45,6,2006-08-16
60,48.591975066623455,-119.51700024097664,4.45,6,2006-08-16
61,48.59493214939091,-119.51819813223514,4.45,6,2006-08-16
62,48.59788896093299,-119.51939597350136,4.45,6,2006-08-16
63,48.627412111949646,-119.53132938807572,4.45,6,2006-08-16
64,48.63035737663717,-119.53251517282872,4.45,6,2006-08-16
65,48.63330120806376,-119.5336998388812,4.45,6,2006-08-16
66,48.64506270813747,-119.538431867197,4.45,6,2006-08-16
67,48.6479997534919,-119.53961435308008,4.45,6,2006-08-16
68,48.65093551767837,-119.54079708559584,4.45,6,2006-08-16
69,48.70655680019506,-119.56346009574074,4.569999999999999,6,2006-08-16
70,48.70948410034179,-119.56465911865234,4.569999999999999,6,2006-08-16
71,48.71241230320621,-119.56585798009048,4.569999999999999,6,2006-08-16
72,48.7241328708192,-119.5706504366706,4.569999999999999,6,2006-08-16
73,48.7270645424396,-119.57184748269232,4.569999999999999,6,2006-08-16
74,48.72999666221813,-119.57304397313264,4.569999999999999,6,2006-08-16
75,48.73292914829051,-119.57423984382552,4.3,6,2006-08-16
76,48.73586191879238,-119.57543503060496,4.3,6,2006-08-16
77,48.738794891859385,-119.57662946930483,4.3,6,2006-08-16
78,48.75052717249221,-119.58139845998885,4.3,6,2006-08-16
79,48.75345993041992,-119.5825881958008,4.3,6,2006-08-16
80,48.75639244835541,-119.58377684920916,4.3,6,2006-08-16
81,48.76812383204458,-119.5885249294297,3.88,6,2006-08-16
82,48.77105805549266,-119.5897115154676,3.88,6,2006-08-16
83,48.77399324976664,-119.59089840763292,3.88,6,2006-08-16
84,48.78574793327759,-119.59565383491322,4.359999999999999,5,2006-08-16
85,48.7886911302981,-119.59684585572404,4.359999999999999,5,2006-08-16
86,48.79163655759129,-119.59803962186554,4.359999999999999,5,2006-08-16
87,48.79458442506496,-119.59923537320488,4.359999999999999,5,2006-08-16
88,48.79753494262697,-119.60043334960938,4.359999999999999,5,2006-08-16
89,48.80048821768051,-119.60163369895524,4.359999999999999,5,2006-08-16
90,48.80344394761089,-119.60283620115553,4.359999999999999,5,2006-08-16
91,48.806401727298784,-119.6040405441322,4.359999999999999,5,2006-08-16
92,48.809361151624906,-119.6052464158073,4.359999999999999,5,2006-08-16
93,48.82120719292614,-119.61007894793384,4.33,5,2006-08-16
94,48.8241687636542,-119.61128778193232,4.33,5,2006-08-16
95,48.827129548304775,-119.61249627216156,4.33,5,2006-08-16
96,48.8300891417586,-119.61370410654376,4.33,5,2006-08-16
97,48.83304713889641,-119.61491097300096,4.33,5,2006-08-16
98,48.83600313459888,-119.61611655945518,4.33,5,2006-08-16
99,48.838956723746726,-119.61732055382846,4.33,5,2006-08-16
100,48.84190750122071,-119.61852264404295,4.33,5,2006-08-16
101,48.84485517236854,-119.61972259795292,4.33,5,2006-08-16
102,48.847799884406285,-119.62092050314185,4.33,5,2006-08-16
103,48.85074189501693,-119.62211652712548,4.33,5,2006-08-16
104,48.853681461883575,-119.62331083741944,4.33,5,2006-08-16
105,48.85661884268927,-119.62450360153964,4.33,5,2006-08-16
106,48.859554295117086,-119.62569498700176,4.33,5,2006-08-16
107,48.86248807685003,-119.6268851613214,4.33,5,2006-08-16
