STATE,ZONE,STATE_ZONE,Time_UTC,Shape_Leng,Shape_Area,WFO,Date
KS,2,KS002,20:00,2.213403362,0.291290453,GLD,8/24/2011
MT,133,MT133,20:00,7.591696307,2.289205428,BYZ,8/26/2012
ND,18,ND018,20:00,3.610286414,0.642074296,BIS,8/26/2012
ND,19,ND019,20:00,3.144586843,0.342756286,BIS,8/26/2012
ND,21,ND021,20:00,5.131597418,0.721258436,BIS,8/26/2012
ND,33,ND033,20:00,3.028333155,0.409164793,BIS,8/26/2012
ND,41,ND041,20:00,2.701347441,0.343686055,BIS,8/26/2012
ND,44,ND044,20:00,2.66663423,0.297995213,BIS,8/26/2012
NE,80,NE080,20:00,1.825179987,0.196783787,GLD,8/24/2011
NE,204,NE204,20:00,7.075628214,2.609043326,LBF,8/24/2011
NE,206,NE206,20:00,7.657074329,2.412920066,LBF,8/24/2011
NE,210,NE210,20:00,3.867071725,0.82955012,LBF,8/24/2011
SD,320,SD320,20:00,2.266219157,0.215774656,UNR,8/26/2012
SD,321,SD321,20:00,1.58570168,0.129328409,UNR,8/26/2012
SD,322,SD322,20:00,2.863067147,0.397790235,UNR,8/26/2012
SD,323,SD323,20:00,1.830932888,0.114259464,UNR,8/26/2012
SD,324,SD324,20:00,1.436786106,0.106355541,UNR,8/26/2012
SD,327,SD327,20:00,3.936055399,0.748337121,UNR,8/26/2012
SD,328,SD328,20:00,3.72404601,0.86189805,UNR,8/26/2012
SD,329,SD329,20:00,5.098697659,1.268868901,UNR,8/26/2012
SD,332,SD332,20:00,4.184060699,0.676697791,UNR,8/24/2011
SD,333,SD333,20:00,2.824642124,0.483570539,UNR,8/24/2011
MT,120,MT120,20:10,8.074796247,2.08938864,GGW,8/4/2007
MT,122,MT122,20:10,8.902493809,2.981944559,GGW,8/4/2007
MT,132,MT132,20:10,5.240507379,1.146182854,BYZ,8/4/2007
MT,133,MT133,20:10,7.591696307,2.289205428,BYZ,8/22/2008
MT,133,MT133,20:10,7.591696307,2.289205428,BYZ,8/4/2007
SD,321,SD321,20:10,1.58570168,0.129328409,UNR,8/15/2011
SD,322,SD322,20:10,2.863067147,0.397790235,UNR,8/15/2011
CO,233,CO233,20:15,3.229620009,0.622920493,PUB,9/1/2009
CO,234,CO234,20:15,3.613485352,0.477215907,PUB,9/1/2009
CO,235,CO235,20:15,2.569685533,0.409167802,PUB,9/1/2009
CO,242,CO242,20:15,2.893901518,0.398477948,BOU,9/1/2009
CO,244,CO244,20:15,2.411198534,0.354775219,BOU,9/1/2009
CO,245,CO245,20:15,2.484981862,0.346589526,BOU,9/1/2009
CO,246,CO246,20:15,4.797418722,0.472142185,BOU,9/1/2009
CO,247,CO247,20:15,3.031466755,0.49530088,BOU,9/1/2009
MT,131,MT131,20:15,8.163398515,2.136936458,BYZ,8/24/2012
MT,131,MT131,20:15,8.163398515,2.136936458,BYZ,8/24/2006
MT,132,MT132,20:15,5.240507379,1.146182854,BYZ,8/24/2006
MT,133,MT133,20:15,7.591696307,2.289205428,BYZ,8/24/2012
MT,134,MT134,20:15,7.482322021,2.068895085,GGW,8/9/2018
MT,134,MT134,20:15,7.482322021,2.068895085,GGW,8/3/2010
MT,136,MT136,20:15,7.024314735,1.560541406,GGW,8/9/2018
MT,136,MT136,20:15,7.024314735,1.560541406,GGW,8/3/2010
MT,137,MT137,20:15,7.201872638,1.181873417,GGW,8/9/2018
WY,301,WY301,20:15,6.371423818,1.734958527,CYS,8/24/2012
WY,302,WY302,20:15,4.649243073,0.503293057,CYS,8/24/2012
WY,310,WY310,20:15,6.059064309,1.482572007,CYS,9/1/2009
WY,310,WY310,20:15,6.059064309,1.482572007,CYS,8/22/2011
WY,314,WY314,20:15,3.517720852,0.752494289,UNR,8/24/2012
WY,314,WY314,20:15,3.517720852,0.752494289,UNR,8/24/2006
WY,315,WY315,20:15,3.278840431,0.64877277,UNR,8/24/2012
WY,315,WY315,20:15,3.278840431,0.64877277,UNR,8/24/2006
MT,113,MT113,20:20,8.172353468,2.337891648,TFX,8/16/2018
MT,127,MT127,20:20,5.344389976,0.913405013,BYZ,8/16/2018
MT,128,MT128,20:20,5.340391879,0.689245872,BYZ,8/16/2018
MT,129,MT129,20:20,6.954246676,1.351445975,BYZ,8/16/2018
MT,135,MT135,20:20,1.420621556,0.07813934,GGW,8/16/2018
MT,136,MT136,20:20,7.024314735,1.560541406,GGW,8/16/2018
MT,137,MT137,20:20,7.201872638,1.181873417,GGW,8/16/2018
WY,274,WY274,20:20,4.413287202,0.563250699,BYZ,8/16/2018
WY,280,WY280,20:20,5.131008439,0.933181602,RIW,8/16/2018
WY,281,WY281,20:20,4.6958629,0.906743875,RIW,8/16/2018
WY,284,WY284,20:20,4.965026949,0.509581051,RIW,8/16/2018
WY,285,WY285,20:20,6.524449278,0.553217811,RIW,8/16/2018
WY,289,WY289,20:20,8.480622992,1.179122605,RIW,8/16/2018
WY,303,WY303,20:20,7.451562062,1.210054585,CYS,8/16/2018
WY,307,WY307,20:20,3.194983322,0.321401451,CYS,8/16/2018
WY,308,WY308,20:20,6.725946123,0.659121355,CYS,8/16/2018
CO,221,CO221,20:25,2.305069023,0.22059503,PUB,8/7/2009
CO,222,CO222,20:25,3.224929715,0.392317415,PUB,8/7/2009
CO,225,CO225,20:25,7.92261684,1.078000685,PUB,8/7/2009
CO,228,CO228,20:25,3.446496357,0.606483538,PUB,8/7/2009
CO,229,CO229,20:25,2.110815784,0.148280829,PUB,8/7/2009
NM,116,NM116,20:25,14.70383785,0.747888865,ABQ,8/20/2011
WY,280,WY280,20:25,5.131008439,0.933181602,RIW,9/8/2009
WY,281,WY281,20:25,4.6958629,0.906743875,RIW,9/8/2009
WY,285,WY285,20:25,6.524449278,0.553217811,RIW,9/8/2009
CO,200,CO200,20:30,5.177428491,0.999083496,GJT,9/5/2017
CO,201,CO201,20:30,6.101703259,0.92099717,GJT,9/5/2017
CO,203,CO203,20:30,5.851317153,1.204097773,GJT,8/11/2011
CO,205,CO205,20:30,7.871521643,1.221258386,GJT,9/5/2017
CO,234,CO234,20:30,3.613485352,0.477215907,PUB,8/21/2020
CO,235,CO235,20:30,2.569685533,0.409167802,PUB,8/21/2020
CO,242,CO242,20:30,2.893901518,0.398477948,BOU,8/21/2020
CO,244,CO244,20:30,2.411198534,0.354775219,BOU,8/21/2020
CO,245,CO245,20:30,2.484981862,0.346589526,BOU,8/21/2020
CO,246,CO246,20:30,4.797418722,0.472142185,BOU,8/21/2020
CO,247,CO247,20:30,3.031466755,0.49530088,BOU,8/21/2020
CO,249,CO249,20:30,3.591220221,0.68918843,BOU,8/21/2020
MT,113,MT113,20:30,8.172353468,2.337891648,TFX,8/17/2010
MT,115,MT115,20:30,10.10716071,2.383376802,TFX,9/5/2011
MT,115,MT115,20:30,10.10716071,2.383376802,TFX,8/17/2010
MT,117,MT117,20:30,10.25008233,2.188242051,TFX,9/5/2011
MT,124,MT124,20:30,5.213441291,0.818057425,BYZ,9/5/2011
MT,125,MT125,20:30,3.892505751,0.447946265,BYZ,9/5/2011
MT,126,MT126,20:30,6.411301812,0.722195589,BYZ,9/5/2011
MT,127,MT127,20:30,5.344389976,0.913405013,BYZ,9/5/2011
MT,131,MT131,20:30,8.163398515,2.136936458,BYZ,8/21/2020
MT,132,MT132,20:30,5.240507379,1.146182854,BYZ,8/21/2020
NE,313,NE313,20:30,4.877295859,1.416094699,CYS,8/21/2020
WY,275,WY275,20:30,6.0958223,0.966995065,RIW,9/5/2011
WY,276,WY276,20:30,6.477987486,0.474995712,RIW,9/5/2011
WY,279,WY279,20:30,7.684185282,2.303380947,RIW,9/5/2017
WY,282,WY282,20:30,5.246613429,0.748658589,RIW,9/5/2017
WY,282,WY282,20:30,5.246613429,0.748658589,RIW,9/5/2011
WY,283,WY283,20:30,7.315918068,1.197468195,RIW,9/5/2017
WY,287,WY287,20:30,3.450507078,0.196719622,RIW,9/5/2017
WY,288,WY288,20:30,6.89439295,0.524013246,RIW,9/28/2018
WY,289,WY289,20:30,8.480622992,1.179122605,RIW,9/5/2017
WY,301,WY301,20:30,6.371423818,1.734958527,CYS,8/21/2020
WY,304,WY304,20:30,2.732431517,0.260914827,CYS,9/5/2017
WY,310,WY310,20:30,6.059064309,1.482572007,CYS,8/21/2020
WY,314,WY314,20:30,3.517720852,0.752494289,UNR,8/21/2020
WY,315,WY315,20:30,3.278840431,0.64877277,UNR,8/21/2020
WY,317,WY317,20:30,3.222253246,0.601901718,UNR,8/21/2020
WY,416,WY416,20:30,5.596172022,0.358713213,RIW,9/28/2018
MT,111,MT111,20:35,9.620458918,2.121565504,TFX,8/29/2012
MT,112,MT112,20:35,7.3777361,2.296201091,TFX,8/11/2017
MT,114,MT114,20:35,7.794459748,1.281202718,TFX,8/11/2017
MT,115,MT115,20:35,10.10716071,2.383376802,TFX,8/29/2012
MT,117,MT117,20:35,10.25008233,2.188242051,TFX,9/12/2011
MT,117,MT117,20:35,10.25008233,2.188242051,TFX,8/29/2012
MT,117,MT117,20:35,10.25008233,2.188242051,TFX,8/11/2017
MT,118,MT118,20:35,7.800238751,1.324165695,TFX,9/12/2011
MT,118,MT118,20:35,7.800238751,1.324165695,TFX,8/29/2012
MT,123,MT123,20:35,10.68344946,1.415996406,BYZ,9/1/2013
MT,123,MT123,20:35,10.68344946,1.415996406,BYZ,9/12/2011
MT,123,MT123,20:35,10.68344946,1.415996406,BYZ,8/29/2012
MT,123,MT123,20:35,10.68344946,1.415996406,BYZ,8/11/2017
MT,124,MT124,20:35,5.213441291,0.818057425,BYZ,9/1/2013
MT,126,MT126,20:35,6.411301812,0.722195589,BYZ,9/1/2013
NM,104,NM104,20:35,8.546487312,2.089229402,ABQ,8/16/2020
NM,108,NM108,20:35,9.132626585,3.08298119,ABQ,8/16/2020
NM,117,NM117,20:35,9.944316597,1.203087278,ABQ,8/16/2020
WY,140,WY140,20:35,4.968747375,1.010976929,RIW,9/1/2013
WY,140,WY140,20:35,4.968747375,1.010976929,RIW,9/12/2011
WY,140,WY140,20:35,4.968747375,1.010976929,RIW,8/11/2017
WY,278,WY278,20:35,5.952867569,1.298207779,RIW,8/2/2008
WY,278,WY278,20:35,5.952867569,1.298207779,RIW,8/11/2017
WY,279,WY279,20:35,7.684185282,2.303380947,RIW,8/11/2017
WY,286,WY286,20:35,10.16300753,1.105733629,RIW,7/23/2016
WY,286,WY286,20:35,10.16300753,1.105733629,RIW,8/11/2017
WY,288,WY288,20:35,6.89439295,0.524013246,RIW,8/13/2006
WY,288,WY288,20:35,6.89439295,0.524013246,RIW,7/23/2016
WY,288,WY288,20:35,6.89439295,0.524013246,RIW,8/11/2017
WY,414,WY414,20:35,4.633579471,0.584262843,RIW,9/1/2013
WY,415,WY415,20:35,6.477111333,0.859433398,RIW,7/23/2016
WY,415,WY415,20:35,6.477111333,0.859433398,RIW,8/29/2012
WY,415,WY415,20:35,6.477111333,0.859433398,RIW,9/1/2013
WY,415,WY415,20:35,6.477111333,0.859433398,RIW,8/11/2017
WY,416,WY416,20:35,5.596172022,0.358713213,RIW,8/2/2008
WY,416,WY416,20:35,5.596172022,0.358713213,RIW,8/11/2017
CO,218,CO218,20:40,10.58170286,0.423813262,BOU,8/16/2020
ID,410,ID410,20:40,14.50703659,2.63764737,PIH,8/21/2018
ID,410,ID410,20:40,14.50703659,2.63764737,PIH,8/5/2018
ID,411,ID411,20:40,12.66118687,0.744564246,PIH,8/21/2018
ID,411,ID411,20:40,12.66118687,0.744564246,PIH,8/5/2018
ID,413,ID413,20:40,7.379748435,2.092010725,PIH,8/21/2018
ID,413,ID413,20:40,7.379748435,2.092010725,PIH,8/5/2018
MT,105,MT105,20:40,8.68903705,1.698637018,MSO,9/3/2017
MT,105,MT105,20:40,8.68903705,1.698637018,MSO,8/23/2013
MT,108,MT108,20:40,8.306922086,1.00620355,MSO,9/3/2017
MT,108,MT108,20:40,8.306922086,1.00620355,MSO,8/23/2013
MT,110,MT110,20:40,7.914849406,1.763951408,TFX,9/3/2017
MT,111,MT111,20:40,9.620458918,2.121565504,TFX,8/21/2018
MT,111,MT111,20:40,9.620458918,2.121565504,TFX,8/5/2018
MT,111,MT111,20:40,9.620458918,2.121565504,TFX,9/3/2017
MT,112,MT112,20:40,7.3777361,2.296201091,TFX,8/4/2006
MT,112,MT112,20:40,7.3777361,2.296201091,TFX,8/23/2013
MT,114,MT114,20:40,7.794459748,1.281202718,TFX,8/18/2011
MT,114,MT114,20:40,7.794459748,1.281202718,TFX,9/3/2017
MT,114,MT114,20:40,7.794459748,1.281202718,TFX,8/23/2013
MT,116,MT116,20:40,5.092856559,0.330033043,TFX,9/3/2017
WY,277,WY277,20:40,5.203543453,1.203751798,RIW,8/5/2018
ID,103,ID103,20:45,7.419557008,1.845318887,MSO,8/27/2012
ID,410,ID410,20:45,14.50703659,2.63764737,PIH,8/25/2011
ID,422,ID422,20:45,5.922103139,0.771399868,PIH,7/16/2014
ID,475,ID475,20:45,7.749949696,1.152566377,MSO,7/16/2014
ID,476,ID476,20:45,9.644503256,1.570442891,PIH,8/12/2018
MT,104,MT104,20:45,7.803961793,1.862185374,MSO,8/27/2012
MT,104,MT104,20:45,7.803961793,1.862185374,MSO,8/14/2007
MT,104,MT104,20:45,7.803961793,1.862185374,MSO,8/12/2018
MT,105,MT105,20:45,8.68903705,1.698637018,MSO,8/8/2019
MT,105,MT105,20:45,8.68903705,1.698637018,MSO,8/27/2012
MT,105,MT105,20:45,8.68903705,1.698637018,MSO,7/16/2014
MT,106,MT106,20:45,7.086539659,0.96040152,MSO,8/30/2007
MT,106,MT106,20:45,7.086539659,0.96040152,MSO,8/27/2012
MT,107,MT107,20:45,5.257808655,0.716359779,MSO,8/27/2012
MT,107,MT107,20:45,5.257808655,0.716359779,MSO,7/16/2014
MT,107,MT107,20:45,5.257808655,0.716359779,MSO,8/14/2007
MT,107,MT107,20:45,5.257808655,0.716359779,MSO,8/12/2018
MT,108,MT108,20:45,8.306922086,1.00620355,MSO,8/30/2007
MT,108,MT108,20:45,8.306922086,1.00620355,MSO,8/27/2012
MT,108,MT108,20:45,8.306922086,1.00620355,MSO,7/16/2014
MT,109,MT109,20:45,6.091579345,0.930100145,MSO,7/29/2013
MT,109,MT109,20:45,6.091579345,0.930100145,MSO,8/30/2007
MT,109,MT109,20:45,6.091579345,0.930100145,MSO,7/16/2014
MT,110,MT110,20:45,7.914849406,1.763951408,TFX,8/12/2018
MT,110,MT110,20:45,7.914849406,1.763951408,TFX,7/29/2013
MT,110,MT110,20:45,7.914849406,1.763951408,TFX,8/30/2007
MT,112,MT112,20:45,7.3777361,2.296201091,TFX,8/8/2019
MT,112,MT112,20:45,7.3777361,2.296201091,TFX,7/16/2014
MT,114,MT114,20:45,7.794459748,1.281202718,TFX,9/29/2009
MT,114,MT114,20:45,7.794459748,1.281202718,TFX,8/8/2019
MT,114,MT114,20:45,7.794459748,1.281202718,TFX,7/16/2014
UT,479,UT479,20:45,10.07038009,1.755787449,SLC,9/13/2018
AZ,104,AZ104,20:50,5.861263893,0.511499128,FGZ,8/16/2011
AZ,106,AZ106,20:50,5.443235037,0.296299201,FGZ,8/16/2011
ID,101,ID101,20:50,8.384893289,2.469136636,OTX,8/19/2018
ID,101,ID101,20:50,8.384893289,2.469136636,OTX,9/10/2017
ID,103,ID103,20:50,7.419557008,1.845318887,MSO,9/3/2012
ID,402,ID402,20:50,4.956173869,0.757775431,BOI,9/3/2012
ID,410,ID410,20:50,14.50703659,2.63764737,PIH,8/9/2017
ID,421,ID421,20:50,5.790121653,1.106330194,BOI,8/3/2018
ID,421,ID421,20:50,5.790121653,1.106330194,BOI,8/18/2012
ID,422,ID422,20:50,5.922103139,0.771399868,PIH,8/3/2018
ID,422,ID422,20:50,5.922103139,0.771399868,PIH,7/20/2013
ID,422,ID422,20:50,5.922103139,0.771399868,PIH,8/2/2012
ID,422,ID422,20:50,5.922103139,0.771399868,PIH,9/3/2012
ID,422,ID422,20:50,5.922103139,0.771399868,PIH,8/18/2012
ID,424,ID424,20:50,5.067088362,0.877768805,BOI,8/3/2018
ID,424,ID424,20:50,5.067088362,0.877768805,BOI,8/18/2012
ID,425,ID425,20:50,5.29845885,0.954873423,PIH,8/3/2018
ID,426,ID426,20:50,4.138918483,0.690764811,BOI,8/18/2012
ID,427,ID427,20:50,5.785696159,0.975778427,PIH,8/3/2018
ID,475,ID475,20:50,7.749949696,1.152566377,MSO,7/20/2013
ID,475,ID475,20:50,7.749949696,1.152566377,MSO,8/2/2012
ID,475,ID475,20:50,7.749949696,1.152566377,MSO,9/3/2012
ID,475,ID475,20:50,7.749949696,1.152566377,MSO,8/18/2006
ID,475,ID475,20:50,7.749949696,1.152566377,MSO,8/18/2012
ID,476,ID476,20:50,9.644503256,1.570442891,PIH,8/9/2017
MT,104,MT104,20:50,7.803961793,1.862185374,MSO,8/22/2016
MT,104,MT104,20:50,7.803961793,1.862185374,MSO,8/9/2017
MT,104,MT104,20:50,7.803961793,1.862185374,MSO,9/10/2017
MT,106,MT106,20:50,7.086539659,0.96040152,MSO,8/22/2016
MT,106,MT106,20:50,7.086539659,0.96040152,MSO,8/9/2017
MT,106,MT106,20:50,7.086539659,0.96040152,MSO,9/10/2017
MT,107,MT107,20:50,5.257808655,0.716359779,MSO,8/22/2016
MT,107,MT107,20:50,5.257808655,0.716359779,MSO,8/9/2017
MT,108,MT108,20:50,8.306922086,1.00620355,MSO,8/3/2009
MT,108,MT108,20:50,8.306922086,1.00620355,MSO,8/22/2016
MT,108,MT108,20:50,8.306922086,1.00620355,MSO,8/9/2017
MT,108,MT108,20:50,8.306922086,1.00620355,MSO,8/18/2012
MT,108,MT108,20:50,8.306922086,1.00620355,MSO,9/10/2017
MT,109,MT109,20:50,6.091579345,0.930100145,MSO,8/3/2009
MT,109,MT109,20:50,6.091579345,0.930100145,MSO,9/10/2011
MT,109,MT109,20:50,6.091579345,0.930100145,MSO,8/22/2016
MT,109,MT109,20:50,6.091579345,0.930100145,MSO,8/9/2017
MT,109,MT109,20:50,6.091579345,0.930100145,MSO,8/18/2012
MT,109,MT109,20:50,6.091579345,0.930100145,MSO,9/10/2017
MT,110,MT110,20:50,7.914849406,1.763951408,TFX,8/9/2017
MT,111,MT111,20:50,9.620458918,2.121565504,TFX,8/9/2017
NV,469,NV469,20:50,6.246567844,1.709734975,LKN,8/18/2012
UT,478,UT478,20:50,10.53811776,4.552721238,SLC,8/18/2006
UT,478,UT478,20:50,10.53811776,4.552721238,SLC,8/3/2018
UT,492,UT492,20:50,9.255504179,2.92326432,SLC,9/30/2010
UT,492,UT492,20:50,9.255504179,2.92326432,SLC,8/3/2018
UT,495,UT495,20:50,6.035897865,1.288505593,SLC,9/30/2010
UT,495,UT495,20:50,6.035897865,1.288505593,SLC,8/3/2018
AZ,101,AZ101,20:55,6.737836792,0.581075218,VEF,8/10/2018
AZ,102,AZ102,20:55,9.772164038,2.893600859,VEF,8/10/2018
AZ,106,AZ106,20:55,5.443235037,0.296299201,FGZ,8/10/2009
AZ,107,AZ107,20:55,6.015636809,1.138317665,FGZ,8/10/2009
AZ,115,AZ115,20:55,5.136787537,0.579609204,FGZ,8/10/2009
AZ,137,AZ137,20:55,22.50411861,1.209699474,FGZ,8/10/2018
CO,203,CO203,20:55,5.851317153,1.204097773,GJT,8/19/2020
CO,207,CO207,20:55,6.926810201,0.74254524,GJT,8/19/2020
CO,290,CO290,20:55,3.387906945,0.356382339,GJT,8/19/2020
CO,294,CO294,20:55,3.870881878,0.380049998,GJT,8/19/2020
ID,101,ID101,20:55,8.384893289,2.469136636,OTX,8/27/2015
ID,102,ID102,20:55,6.512854865,1.540224218,OTX,8/27/2015
ID,103,ID103,20:55,7.419557008,1.845318887,MSO,9/1/2017
ID,103,ID103,20:55,7.419557008,1.845318887,MSO,8/27/2015
ID,400,ID400,20:55,5.447529119,0.636196978,BOI,9/8/2011
ID,401,ID401,20:55,5.436723038,0.570250985,BOI,9/8/2011
ID,402,ID402,20:55,4.956173869,0.757775431,BOI,8/3/2018
ID,402,ID402,20:55,4.956173869,0.757775431,BOI,9/1/2017
ID,402,ID402,20:55,4.956173869,0.757775431,BOI,8/27/2015
ID,403,ID403,20:55,6.061567362,0.725063007,BOI,8/3/2018
ID,403,ID403,20:55,6.061567362,0.725063007,BOI,8/27/2015
ID,420,ID420,20:55,4.19780085,0.610842122,BOI,9/8/2011
ID,421,ID421,20:55,5.790121653,1.106330194,BOI,8/23/2008
ID,422,ID422,20:55,5.922103139,0.771399868,PIH,8/23/2008
ID,423,ID423,20:55,5.928340483,1.638429825,BOI,8/26/2018
ID,423,ID423,20:55,5.928340483,1.638429825,BOI,9/8/2011
ID,424,ID424,20:55,5.067088362,0.877768805,BOI,9/8/2011
ID,426,ID426,20:55,4.138918483,0.690764811,BOI,8/26/2018
ID,475,ID475,20:55,7.749949696,1.152566377,MSO,8/23/2008
NM,101,NM101,20:55,7.903550738,2.374341523,ABQ,8/19/2020
NM,105,NM105,20:55,8.482140121,2.218664329,ABQ,8/19/2020
NV,461,NV461,20:55,7.47728271,2.379662989,VEF,8/10/2018
NV,469,NV469,20:55,6.246567844,1.709734975,LKN,8/26/2018
OR,645,OR645,20:55,5.933448409,1.140321379,PDT,8/10/2018
UT,487,UT487,20:55,5.026427183,0.727477583,GJT,8/19/2020
UT,490,UT490,20:55,6.514149015,0.733118964,GJT,8/19/2020
UT,497,UT497,20:55,3.969032776,0.328579965,SLC,8/10/2018
WA,645,WA645,20:55,2.335483051,0.136560092,OTX,8/10/2018
WA,674,WA674,20:55,6.455961013,1.309244086,OTX,8/10/2018
ID,102,ID102,21:00,6.512854865,1.540224218,OTX,8/25/2012
ID,420,ID420,21:00,4.19780085,0.610842122,BOI,8/25/2012
ID,421,ID421,21:00,5.790121653,1.106330194,BOI,8/25/2012
OR,645,OR645,21:00,5.933448409,1.140321379,PDT,8/25/2012
ID,400,ID400,21:05,5.447529119,0.636196978,BOI,8/16/2012
ID,420,ID420,21:05,4.19780085,0.610842122,BOI,8/16/2012
NV,424,NV424,21:05,7.349478957,1.312545476,LKN,8/1/2018
NV,427,NV427,21:05,10.03981175,2.660970556,LKN,8/1/2018
NV,437,NV437,21:05,7.489249989,2.120114505,LKN,8/1/2018
NV,438,NV438,21:05,5.73639571,1.424229517,LKN,8/1/2018
OR,637,OR637,21:05,8.763996168,2.813485834,BOI,8/16/2012
OR,637,OR637,21:05,8.763996168,2.813485834,BOI,9/4/2013
OR,637,OR637,21:05,8.763996168,2.813485834,BOI,8/1/2018
OR,637,OR637,21:05,8.763996168,2.813485834,BOI,9/25/2009
OR,641,OR641,21:05,7.262377731,1.751763372,PDT,8/30/2017
OR,644,OR644,21:05,8.056551364,1.681829887,PDT,8/1/2018
OR,644,OR644,21:05,8.056551364,1.681829887,PDT,9/25/2009
OR,646,OR646,21:05,5.391292613,0.55763311,BOI,9/4/2013
OR,646,OR646,21:05,5.391292613,0.55763311,BOI,8/1/2018
OR,646,OR646,21:05,5.391292613,0.55763311,BOI,9/25/2009
WA,641,WA641,21:05,8.406503214,1.422787609,PDT,8/30/2017
WA,673,WA673,21:05,7.218372392,2.373164712,OTX,8/30/2011
WA,673,WA673,21:05,7.218372392,2.373164712,OTX,8/30/2011
WA,673,WA673,21:05,7.218372392,2.373164712,OTX,8/17/2018
WA,673,WA673,21:05,7.218372392,2.373164712,OTX,8/30/2017
WA,684,WA684,21:05,5.697071451,0.630296989,OTX,8/6/2014
WA,684,WA684,21:05,5.697071451,0.630296989,OTX,8/30/2011
WA,684,WA684,21:05,5.697071451,0.630296989,OTX,8/17/2018
WA,684,WA684,21:05,5.697071451,0.630296989,OTX,8/16/2006
WA,684,WA684,21:05,5.697071451,0.630296989,OTX,8/30/2017
WA,684,WA684,21:05,5.697071451,0.630296989,OTX,8/1/2018
WA,685,WA685,21:05,6.023356222,0.814551202,OTX,8/16/2006
WA,685,WA685,21:05,6.023356222,0.814551202,OTX,8/30/2017
WA,685,WA685,21:05,6.023356222,0.814551202,OTX,8/1/2018
WA,687,WA687,21:05,4.908381258,1.042365117,OTX,8/6/2014
CA,226,CA226,21:10,5.885030693,0.738577215,VEF,8/23/2015
CA,227,CA227,21:10,7.036065122,2.001597943,VEF,8/31/2009
CA,228,CA228,21:10,9.86371698,3.918142017,VEF,8/31/2009
CA,230,CA230,21:10,2.949219321,0.255276925,PSR,8/31/2009
CA,261,CA261,21:10,3.085824344,0.194555539,SGX,8/31/2009
CA,274,CA274,21:10,4.220223227,0.61614181,REV,8/23/2015
CA,592,CA592,21:10,4.767794414,0.647504973,HNX,8/23/2015
CA,593,CA593,21:10,2.717970941,0.266219126,HNX,8/23/2015
CA,594,CA594,21:10,4.548232003,0.56237946,HNX,8/23/2015
ID,103,ID103,21:10,7.419557008,1.845318887,MSO,8/22/2020
ID,402,ID402,21:10,4.956173869,0.757775431,BOI,8/22/2020
ID,403,ID403,21:10,6.061567362,0.725063007,BOI,8/22/2020
ID,422,ID422,21:10,5.922103139,0.771399868,PIH,8/22/2020
ID,425,ID425,21:10,5.29845885,0.954873423,PIH,8/22/2020
ID,427,ID427,21:10,5.785696159,0.975778427,PIH,8/22/2020
ID,475,ID475,21:10,7.749949696,1.152566377,MSO,8/22/2020
MT,104,MT104,21:10,7.803961793,1.862185374,MSO,8/20/2015
MT,106,MT106,21:10,7.086539659,0.96040152,MSO,8/20/2015
MT,107,MT107,21:10,5.257808655,0.716359779,MSO,8/20/2015
MT,108,MT108,21:10,8.306922086,1.00620355,MSO,8/20/2015
MT,109,MT109,21:10,6.091579345,0.930100145,MSO,8/20/2015
MT,110,MT110,21:10,7.914849406,1.763951408,TFX,8/20/2015
NV,423,NV423,21:10,5.997867068,1.737575681,REV,8/26/2013
NV,423,NV423,21:10,5.997867068,1.737575681,REV,8/24/2018
NV,437,NV437,21:10,7.489249989,2.120114505,LKN,8/26/2013
NV,437,NV437,21:10,7.489249989,2.120114505,LKN,9/9/2018
NV,437,NV437,21:10,7.489249989,2.120114505,LKN,8/24/2018
OR,636,OR636,21:10,8.452023697,2.156573668,BOI,8/23/2006
OR,636,OR636,21:10,8.452023697,2.156573668,BOI,9/9/2018
OR,636,OR636,21:10,8.452023697,2.156573668,BOI,8/24/2018
OR,636,OR636,21:10,8.452023697,2.156573668,BOI,8/8/2018
OR,636,OR636,21:10,8.452023697,2.156573668,BOI,9/6/2017
OR,641,OR641,21:10,7.262377731,1.751763372,PDT,8/8/2018
OR,641,OR641,21:10,7.262377731,1.751763372,PDT,8/2/2010
OR,641,OR641,21:10,7.262377731,1.751763372,PDT,9/6/2017
OR,642,OR642,21:10,6.130135395,1.33953958,PDT,8/8/2018
OR,642,OR642,21:10,6.130135395,1.33953958,PDT,9/6/2017
OR,644,OR644,21:10,8.056551364,1.681829887,PDT,8/8/2018
OR,644,OR644,21:10,8.056551364,1.681829887,PDT,9/6/2017
WA,641,WA641,21:10,8.406503214,1.422787609,PDT,8/8/2018
WA,641,WA641,21:10,8.406503214,1.422787609,PDT,8/2/2010
WA,641,WA641,21:10,8.406503214,1.422787609,PDT,9/6/2017
WA,658,WA658,21:10,12.94496076,1.210334824,SEW,9/6/2017
WA,658,WA658,21:10,12.94496076,1.210334824,SEW,8/16/2015
WA,662,WA662,21:10,1.640155073,0.06692654,OTX,8/16/2015
WA,662,WA662,21:10,1.640155073,0.06692654,OTX,8/16/2015
WA,673,WA673,21:10,7.218372392,2.373164712,OTX,8/25/2015
WA,675,WA675,21:10,4.706092639,0.898351179,PDT,8/8/2018
WA,675,WA675,21:10,4.706092639,0.898351179,PDT,8/2/2010
WA,675,WA675,21:10,4.706092639,0.898351179,PDT,9/6/2017
WA,675,WA675,21:10,4.706092639,0.898351179,PDT,8/16/2015
WA,676,WA676,21:10,3.726286182,0.576103242,PDT,8/8/2018
WA,676,WA676,21:10,3.726286182,0.576103242,PDT,8/2/2010
WA,676,WA676,21:10,3.726286182,0.576103242,PDT,9/6/2017
WA,676,WA676,21:10,3.726286182,0.576103242,PDT,8/16/2015
WA,676,WA676,21:10,3.726286182,0.576103242,PDT,8/16/2015
WA,677,WA677,21:10,4.862815289,0.337930493,OTX,8/10/2013
WA,677,WA677,21:10,4.862815289,0.337930493,OTX,8/2/2010
WA,677,WA677,21:10,4.862815289,0.337930493,OTX,8/16/2015
WA,677,WA677,21:10,4.862815289,0.337930493,OTX,8/16/2015
WA,682,WA682,21:10,6.541587956,0.787426645,OTX,8/8/2018
WA,682,WA682,21:10,6.541587956,0.787426645,OTX,8/10/2013
WA,682,WA682,21:10,6.541587956,0.787426645,OTX,8/2/2010
WA,682,WA682,21:10,6.541587956,0.787426645,OTX,9/6/2017
WA,682,WA682,21:10,6.541587956,0.787426645,OTX,8/16/2015
WA,682,WA682,21:10,6.541587956,0.787426645,OTX,8/16/2015
WA,684,WA684,21:10,5.697071451,0.630296989,OTX,8/25/2015
WA,685,WA685,21:10,6.023356222,0.814551202,OTX,8/25/2015
CA,226,CA226,21:15,5.885030693,0.738577215,VEF,8/12/2011
CA,254,CA254,21:15,4.454964024,0.318831645,LOX,9/7/2009
CA,259,CA259,21:15,2.83592799,0.277426333,LOX,9/7/2009
CA,285,CA285,21:15,4.709595778,1.045802078,MFR,8/14/2012
CA,594,CA594,21:15,4.548232003,0.56237946,HNX,8/12/2011
CA,594,CA594,21:15,4.548232003,0.56237946,HNX,8/25/2016
CA,595,CA595,21:15,2.571073508,0.318560483,HNX,8/25/2016
OR,607,OR607,21:15,3.99662325,0.392444513,PQR,8/23/2015
OR,610,OR610,21:15,3.993379892,0.49755721,PDT,8/14/2006
OR,610,OR610,21:15,3.993379892,0.49755721,PDT,8/25/2010
OR,610,OR610,21:15,3.993379892,0.49755721,PDT,8/15/2018
OR,610,OR610,21:15,3.993379892,0.49755721,PDT,8/23/2015
OR,611,OR611,21:15,5.00625516,0.684558622,PDT,8/4/2014
OR,624,OR624,21:15,7.666445074,1.913645813,MFR,8/14/2012
OR,624,OR624,21:15,7.666445074,1.913645813,MFR,8/4/2014
OR,625,OR625,21:15,7.848409567,1.790385247,MFR,8/14/2012
OR,625,OR625,21:15,7.848409567,1.790385247,MFR,8/4/2014
OR,636,OR636,21:15,8.452023697,2.156573668,BOI,8/14/2012
OR,639,OR639,21:15,2.773389846,0.33562251,PDT,8/14/2006
OR,639,OR639,21:15,2.773389846,0.33562251,PDT,8/25/2010
OR,639,OR639,21:15,2.773389846,0.33562251,PDT,8/14/2006
OR,639,OR639,21:15,2.773389846,0.33562251,PDT,9/13/2011
OR,639,OR639,21:15,2.773389846,0.33562251,PDT,8/15/2018
OR,639,OR639,21:15,2.773389846,0.33562251,PDT,8/23/2015
OR,640,OR640,21:15,7.848391502,1.985611451,PDT,8/14/2012
OR,640,OR640,21:15,7.848391502,1.985611451,PDT,8/14/2012
OR,640,OR640,21:15,7.848391502,1.985611451,PDT,8/4/2014
OR,640,OR640,21:15,7.848391502,1.985611451,PDT,8/23/2015
OR,641,OR641,21:15,7.262377731,1.751763372,PDT,8/14/2006
OR,641,OR641,21:15,7.262377731,1.751763372,PDT,8/4/2014
OR,641,OR641,21:15,7.262377731,1.751763372,PDT,8/5/2017
OR,642,OR642,21:15,6.130135395,1.33953958,PDT,9/16/2009
OR,644,OR644,21:15,8.056551364,1.681829887,PDT,9/16/2009
WA,639,WA639,21:15,3.457590873,0.372999767,PDT,8/14/2006
WA,639,WA639,21:15,3.457590873,0.372999767,PDT,8/15/2018
WA,641,WA641,21:15,8.406503214,1.422787609,PDT,8/4/2014
WA,641,WA641,21:15,8.406503214,1.422787609,PDT,8/5/2017
WA,653,WA653,21:15,25.55061825,0.460227796,,8/23/2015
WA,653,WA653,21:15,25.55061825,0.460227796,,8/15/2018
WA,654,WA654,21:15,20.01288124,0.473495543,SEW,8/23/2015
WA,655,WA655,21:15,8.576364989,0.697271775,SEW,8/15/2018
WA,655,WA655,21:15,8.576364989,0.697271775,SEW,8/23/2015
WA,656,WA656,21:15,11.84819743,0.551403428,SEW,8/14/2006
WA,656,WA656,21:15,11.84819743,0.551403428,SEW,8/5/2017
WA,656,WA656,21:15,11.84819743,0.551403428,SEW,8/15/2018
WA,657,WA657,21:15,5.602076928,0.47597406,SEW,8/15/2018
WA,657,WA657,21:15,5.602076928,0.47597406,SEW,8/23/2015
WA,658,WA658,21:15,12.94496076,1.210334824,SEW,8/14/2006
WA,658,WA658,21:15,12.94496076,1.210334824,SEW,8/5/2017
WA,659,WA659,21:15,11.80858272,0.987084299,SEW,8/14/2006
WA,659,WA659,21:15,11.80858272,0.987084299,SEW,8/15/2018
WA,659,WA659,21:15,11.80858272,0.987084299,SEW,8/23/2015
WA,660,WA660,21:15,6.40229498,0.68115835,PQR,8/14/2006
WA,660,WA660,21:15,6.40229498,0.68115835,PQR,8/15/2018
WA,660,WA660,21:15,6.40229498,0.68115835,PQR,8/23/2015
WA,663,WA663,21:15,1.724704856,0.112859171,PQR,8/14/2006
WA,663,WA663,21:15,1.724704856,0.112859171,PQR,8/15/2018
WA,663,WA663,21:15,1.724704856,0.112859171,PQR,8/23/2015
WA,675,WA675,21:15,4.706092639,0.898351179,PDT,8/5/2017
WA,676,WA676,21:15,3.726286182,0.576103242,PDT,8/5/2017
WA,680,WA680,21:15,3.763853728,0.315141905,PDT,8/14/2006
WA,681,WA681,21:15,3.405023142,0.334359534,PDT,8/14/2006
WA,682,WA682,21:15,6.541587956,0.787426645,OTX,8/5/2017
CA,214,CA214,21:20,1.859654831,0.165947551,STO,9/7/2018
CA,214,CA214,21:20,1.859654831,0.165947551,STO,8/21/2012
CA,214,CA214,21:20,1.859654831,0.165947551,STO,8/6/2018
CA,219,CA219,21:20,4.684059998,0.826308008,STO,8/6/2018
CA,220,CA220,21:20,2.245805942,0.242369132,STO,8/6/2018
CA,237,CA237,21:20,5.12743794,0.476206387,LOX,8/24/2007
CA,238,CA238,21:20,1.777788566,0.048659272,LOX,8/8/2007
CA,238,CA238,21:20,1.777788566,0.048659272,LOX,8/24/2007
CA,251,CA251,21:20,4.019361006,0.146401019,LOX,8/8/2007
CA,251,CA251,21:20,4.019361006,0.146401019,LOX,8/24/2007
CA,252,CA252,21:20,4.363420583,0.291763041,LOX,8/8/2007
CA,252,CA252,21:20,4.363420583,0.291763041,LOX,8/24/2007
CA,253,CA253,21:20,2.685910596,0.248153135,LOX,8/8/2007
CA,266,CA266,21:20,4.590292386,0.342697136,STO,8/21/2012
CA,267,CA267,21:20,3.480030029,0.446144604,STO,8/6/2018
CA,268,CA268,21:20,4.626714425,0.806613632,STO,8/5/2012
CA,268,CA268,21:20,4.626714425,0.806613632,STO,9/7/2018
CA,268,CA268,21:20,4.626714425,0.806613632,STO,8/21/2012
CA,268,CA268,21:20,4.626714425,0.806613632,STO,8/6/2018
CA,269,CA269,21:20,4.633196451,0.748646524,STO,8/6/2018
CA,271,CA271,21:20,5.625449577,0.997323437,REV,8/5/2012
CA,271,CA271,21:20,5.625449577,0.997323437,REV,9/7/2018
CA,271,CA271,21:20,5.625449577,0.997323437,REV,8/21/2012
CA,271,CA271,21:20,5.625449577,0.997323437,REV,8/6/2018
CA,284,CA284,21:20,3.278099216,0.641817655,MFR,9/7/2018
CA,284,CA284,21:20,3.278099216,0.641817655,MFR,8/6/2018
CA,284,CA284,21:20,3.278099216,0.641817655,MFR,8/22/2018
CA,285,CA285,21:20,4.709595778,1.045802078,MFR,9/7/2018
CA,285,CA285,21:20,4.709595778,1.045802078,MFR,8/21/2012
CA,579,CA579,21:20,7.071496679,0.619767812,HNX,8/24/2007
CA,580,CA580,21:20,8.588895626,2.693951101,HNX,8/6/2018
CA,590,CA590,21:20,4.348445801,0.434491372,HNX,8/6/2018
CA,594,CA594,21:20,4.548232003,0.56237946,HNX,8/14/2006
OR,606,OR606,21:20,7.252828607,0.586021904,PQR,8/22/2018
OR,608,OR608,21:20,6.117157909,0.774253642,PQR,8/22/2018
OR,610,OR610,21:20,3.993379892,0.49755721,PDT,8/28/2011
OR,610,OR610,21:20,3.993379892,0.49755721,PDT,8/28/2017
OR,611,OR611,21:20,5.00625516,0.684558622,PDT,8/27/2014
OR,617,OR617,21:20,4.777464509,0.46503759,MFR,8/22/2018
OR,623,OR623,21:20,4.694816226,0.51999551,MFR,8/27/2014
OR,623,OR623,21:20,4.694816226,0.51999551,MFR,8/22/2018
OR,624,OR624,21:20,7.666445074,1.913645813,MFR,8/6/2018
OR,624,OR624,21:20,7.666445074,1.913645813,MFR,8/27/2014
OR,624,OR624,21:20,7.666445074,1.913645813,MFR,8/22/2018
OR,639,OR639,21:20,2.773389846,0.33562251,PDT,8/28/2011
OR,639,OR639,21:20,2.773389846,0.33562251,PDT,8/28/2017
OR,639,OR639,21:20,2.773389846,0.33562251,PDT,9/23/2009
OR,640,OR640,21:20,7.848391502,1.985611451,PDT,8/28/2011
OR,640,OR640,21:20,7.848391502,1.985611451,PDT,8/28/2017
WA,639,WA639,21:20,3.457590873,0.372999767,PDT,8/28/2017
WA,639,WA639,21:20,3.457590873,0.372999767,PDT,9/23/2009
WA,653,WA653,21:20,25.55061825,0.460227796,,9/23/2009
WA,655,WA655,21:20,8.576364989,0.697271775,SEW,9/23/2009
WA,656,WA656,21:20,11.84819743,0.551403428,SEW,9/23/2009
WA,657,WA657,21:20,5.602076928,0.47597406,SEW,9/23/2009
WA,659,WA659,21:20,11.80858272,0.987084299,SEW,9/23/2009
WA,660,WA660,21:20,6.40229498,0.68115835,PQR,8/28/2017
WA,660,WA660,21:20,6.40229498,0.68115835,PQR,9/23/2009
WA,663,WA663,21:20,1.724704856,0.112859171,PQR,8/28/2017
WA,663,WA663,21:20,1.724704856,0.112859171,PQR,9/23/2009
CA,214,CA214,21:25,1.859654831,0.165947551,STO,8/19/2017
CA,216,CA216,21:25,4.534260594,1.004916016,STO,9/19/2014
CA,217,CA217,21:25,4.309833336,0.80090648,STO,9/19/2014
CA,218,CA218,21:25,5.61240876,0.249796943,STO,9/19/2014
CA,220,CA220,21:25,2.245805942,0.242369132,STO,8/29/2009
CA,228,CA228,21:25,9.86371698,3.918142017,VEF,9/7/2020
CA,237,CA237,21:25,5.12743794,0.476206387,LOX,8/13/2009
CA,238,CA238,21:25,1.777788566,0.048659272,LOX,8/13/2009
CA,240,CA240,21:25,2.686796359,0.055877068,LOX,8/13/2009
CA,244,CA244,21:25,2.547567461,0.074790188,LOX,8/13/2009
CA,251,CA251,21:25,4.019361006,0.146401019,LOX,8/13/2009
CA,253,CA253,21:25,2.685910596,0.248153135,LOX,8/13/2009
CA,266,CA266,21:25,4.590292386,0.342697136,STO,9/19/2014
CA,268,CA268,21:25,4.626714425,0.806613632,STO,8/19/2017
CA,271,CA271,21:25,5.625449577,0.997323437,REV,8/19/2017
CA,280,CA280,21:25,4.761893575,0.634010533,MFR,8/28/2006
CA,284,CA284,21:25,3.278099216,0.641817655,MFR,8/19/2017
CA,284,CA284,21:25,3.278099216,0.641817655,MFR,9/4/2017
CA,507,CA507,21:25,8.325243443,0.372505302,MTR,9/19/2014
CA,508,CA508,21:25,6.114376201,0.143181075,,9/19/2014
CA,509,CA509,21:25,2.039251954,0.043589496,MTR,9/19/2014
CA,510,CA510,21:25,5.014487172,0.180713125,MTR,9/19/2014
CA,511,CA511,21:25,5.665372946,0.30139671,MTR,9/19/2014
CA,579,CA579,21:25,7.071496679,0.619767812,HNX,8/13/2009
CA,580,CA580,21:25,8.588895626,2.693951101,HNX,8/13/2009
CA,580,CA580,21:25,8.588895626,2.693951101,HNX,8/29/2009
CA,590,CA590,21:25,4.348445801,0.434491372,HNX,8/29/2009
CA,597,CA597,21:25,3.006903185,0.175173872,HNX,8/13/2009
NV,426,NV426,21:25,7.621760228,0.814990292,LKN,9/7/2020
NV,460,NV460,21:25,8.430059397,1.418358401,VEF,9/7/2020
NV,461,NV461,21:25,7.47728271,2.379662989,VEF,9/7/2020
NV,462,NV462,21:25,7.276923746,1.493808684,VEF,9/7/2020
NV,464,NV464,21:25,2.472009245,0.131302564,VEF,9/7/2020
NV,465,NV465,21:25,15.28876841,2.053106883,VEF,9/7/2020
OR,602,OR602,21:25,4.902243436,0.603477111,PQR,9/4/2017
OR,604,OR604,21:25,11.04307117,0.936491885,PQR,8/3/2017
OR,604,OR604,21:25,11.04307117,0.936491885,PQR,9/4/2017
OR,605,OR605,21:25,4.185505191,0.304110414,PQR,8/3/2017
OR,605,OR605,21:25,4.185505191,0.304110414,PQR,9/4/2017
OR,606,OR606,21:25,7.252828607,0.586021904,PQR,8/19/2017
OR,606,OR606,21:25,7.252828607,0.586021904,PQR,8/3/2017
OR,606,OR606,21:25,7.252828607,0.586021904,PQR,9/4/2017
OR,608,OR608,21:25,6.117157909,0.774253642,PQR,8/19/2017
OR,608,OR608,21:25,6.117157909,0.774253642,PQR,8/3/2017
OR,608,OR608,21:25,6.117157909,0.774253642,PQR,8/3/2017
OR,608,OR608,21:25,6.117157909,0.774253642,PQR,9/4/2017
OR,616,OR616,21:25,5.446811151,1.067639274,MFR,9/14/2018
OR,617,OR617,21:25,4.777464509,0.46503759,MFR,8/19/2017
OR,617,OR617,21:25,4.777464509,0.46503759,MFR,8/3/2017
OR,617,OR617,21:25,4.777464509,0.46503759,MFR,9/4/2017
OR,620,OR620,21:25,4.516797148,0.567124591,MFR,9/14/2018
OR,623,OR623,21:25,4.694816226,0.51999551,MFR,8/19/2017
OR,623,OR623,21:25,4.694816226,0.51999551,MFR,8/3/2017
OR,623,OR623,21:25,4.694816226,0.51999551,MFR,9/4/2017
OR,624,OR624,21:25,7.666445074,1.913645813,MFR,8/19/2017
OR,624,OR624,21:25,7.666445074,1.913645813,MFR,8/3/2017
OR,624,OR624,21:25,7.666445074,1.913645813,MFR,9/4/2017
WA,651,WA651,21:25,3.227556122,0.231952854,SEW,9/4/2017
WA,664,WA664,21:25,6.644361876,0.413118588,PQR,9/4/2017
WA,665,WA665,21:25,1.70843669,0.099348673,PQR,9/4/2017
CA,204,CA204,21:30,2.544568416,0.190185059,MFR,7/30/2013
CA,213,CA213,21:30,3.364346105,0.399255333,STO,8/28/2012
CA,216,CA216,21:30,4.534260594,1.004916016,STO,9/11/2011
CA,227,CA227,21:30,7.036065122,2.001597943,VEF,8/20/2020
CA,263,CA263,21:30,2.992304095,0.193664182,STO,8/5/2015
CA,263,CA263,21:30,2.992304095,0.193664182,STO,7/17/2014
CA,263,CA263,21:30,2.992304095,0.193664182,STO,8/28/2012
CA,263,CA263,21:30,2.992304095,0.193664182,STO,8/1/2008
CA,263,CA263,21:30,2.992304095,0.193664182,STO,9/11/2011
CA,264,CA264,21:30,2.997437532,0.233058138,EKA,9/11/2011
CA,274,CA274,21:30,4.220223227,0.61614181,REV,8/20/2020
CA,277,CA277,21:30,3.827580308,0.405174389,EKA,8/28/2012
CA,279,CA279,21:30,3.021267236,0.208160956,STO,8/28/2012
CA,279,CA279,21:30,3.021267236,0.208160956,STO,8/1/2008
CA,279,CA279,21:30,3.021267236,0.208160956,STO,9/11/2011
CA,280,CA280,21:30,4.761893575,0.634010533,MFR,8/5/2015
CA,280,CA280,21:30,4.761893575,0.634010533,MFR,9/3/2014
CA,280,CA280,21:30,4.761893575,0.634010533,MFR,8/2/2014
CA,280,CA280,21:30,4.761893575,0.634010533,MFR,8/28/2012
CA,280,CA280,21:30,4.761893575,0.634010533,MFR,8/1/2008
CA,280,CA280,21:30,4.761893575,0.634010533,MFR,8/15/2013
CA,280,CA280,21:30,4.761893575,0.634010533,MFR,8/29/2018
CA,280,CA280,21:30,4.761893575,0.634010533,MFR,7/30/2013
CA,280,CA280,21:30,4.761893575,0.634010533,MFR,8/17/2008
CA,280,CA280,21:30,4.761893575,0.634010533,MFR,9/11/2011
CA,280,CA280,21:30,4.761893575,0.634010533,MFR,8/26/2017
CA,281,CA281,21:30,2.084551968,0.260249343,MFR,8/2/2014
CA,283,CA283,21:30,5.090467543,0.703024177,EKA,8/5/2015
CA,283,CA283,21:30,5.090467543,0.703024177,EKA,7/17/2014
CA,283,CA283,21:30,5.090467543,0.703024177,EKA,8/2/2014
CA,283,CA283,21:30,5.090467543,0.703024177,EKA,8/1/2008
CA,283,CA283,21:30,5.090467543,0.703024177,EKA,8/15/2013
CA,283,CA283,21:30,5.090467543,0.703024177,EKA,8/17/2008
CA,283,CA283,21:30,5.090467543,0.703024177,EKA,9/11/2011
CA,283,CA283,21:30,5.090467543,0.703024177,EKA,8/26/2017
CA,517,CA517,21:30,4.98352658,0.360583147,MTR,8/23/2016
NV,423,NV423,21:30,5.997867068,1.737575681,REV,8/20/2020
NV,429,NV429,21:30,10.051073,2.451738582,REV,8/20/2020
NV,437,NV437,21:30,7.489249989,2.120114505,LKN,8/20/2020
NV,458,NV458,21:30,5.527839818,1.145076715,REV,8/20/2020
NV,460,NV460,21:30,8.430059397,1.418358401,VEF,8/20/2020
OR,603,OR603,21:30,7.090744406,0.658989588,PQR,8/26/2017
OR,606,OR606,21:30,7.252828607,0.586021904,PQR,7/30/2013
OR,612,OR612,21:30,6.335975064,0.469993903,PQR,9/11/2011
OR,612,OR612,21:30,6.335975064,0.469993903,PQR,8/26/2017
OR,616,OR616,21:30,5.446811151,1.067639274,MFR,7/30/2013
OR,616,OR616,21:30,5.446811151,1.067639274,MFR,8/17/2008
OR,616,OR616,21:30,5.446811151,1.067639274,MFR,9/11/2011
OR,616,OR616,21:30,5.446811151,1.067639274,MFR,8/26/2017
OR,620,OR620,21:30,4.516797148,0.567124591,MFR,8/28/2012
OR,620,OR620,21:30,4.516797148,0.567124591,MFR,9/21/2009
OR,620,OR620,21:30,4.516797148,0.567124591,MFR,8/29/2018
OR,620,OR620,21:30,4.516797148,0.567124591,MFR,7/30/2013
OR,620,OR620,21:30,4.516797148,0.567124591,MFR,8/17/2008
OR,620,OR620,21:30,4.516797148,0.567124591,MFR,9/11/2011
OR,620,OR620,21:30,4.516797148,0.567124591,MFR,8/26/2017
OR,621,OR621,21:30,2.895607209,0.156876246,MFR,8/2/2014
OR,621,OR621,21:30,2.895607209,0.156876246,MFR,8/28/2012
OR,621,OR621,21:30,2.895607209,0.156876246,MFR,8/15/2013
OR,621,OR621,21:30,2.895607209,0.156876246,MFR,8/29/2018
OR,621,OR621,21:30,2.895607209,0.156876246,MFR,7/30/2013
OR,621,OR621,21:30,2.895607209,0.156876246,MFR,8/17/2008
OR,621,OR621,21:30,2.895607209,0.156876246,MFR,9/11/2011
OR,621,OR621,21:30,2.895607209,0.156876246,MFR,8/26/2017
OR,622,OR622,21:30,3.476089233,0.425106033,MFR,8/2/2014
OR,622,OR622,21:30,3.476089233,0.425106033,MFR,8/15/2013
OR,625,OR625,21:30,7.848409567,1.790385247,MFR,8/20/2020
OR,615,OR615,21:35,3.344130979,0.308839269,MFR,9/27/2018
OR,618,OR618,21:35,2.363476177,0.094572107,MFR,9/27/2018
OR,619,OR619,21:35,3.712901604,0.282563932,MFR,9/27/2018
CA,221,CA221,21:40,3.021452073,0.405289793,STO,9/10/2020
CA,244,CA244,21:40,2.547567461,0.074790188,LOX,9/10/2020
CA,245,CA245,21:40,1.907615066,0.086952371,LOX,9/10/2020
CA,246,CA246,21:40,1.166473436,0.029418832,LOX,9/10/2020
CA,254,CA254,21:40,4.454964024,0.318831645,LOX,9/10/2020
CA,268,CA268,21:40,4.626714425,0.806613632,STO,8/2/2020
CA,269,CA269,21:40,4.633196451,0.748646524,STO,9/10/2020
CA,271,CA271,21:40,5.625449577,0.997323437,REV,8/2/2020
CA,272,CA272,21:40,2.515225672,0.252909885,REV,9/10/2020
CA,288,CA288,21:40,1.386046897,0.048477725,LOX,9/10/2020
CA,547,CA547,21:40,1.816303564,0.089918529,LOX,9/10/2020
CA,580,CA580,21:40,8.588895626,2.693951101,HNX,9/10/2020
CA,590,CA590,21:40,4.348445801,0.434491372,HNX,9/10/2020
CA,592,CA592,21:40,4.767794414,0.647504973,HNX,9/10/2020
CA,597,CA597,21:40,3.006903185,0.175173872,HNX,9/10/2020
NV,421,NV421,21:40,5.770760003,0.724442929,REV,9/10/2020
OR,604,OR604,21:40,11.04307117,0.936491885,PQR,9/10/2020
OR,605,OR605,21:40,4.185505191,0.304110414,PQR,9/10/2020
OR,607,OR607,21:40,3.99662325,0.392444513,PQR,9/10/2020
OR,608,OR608,21:40,6.117157909,0.774253642,PQR,9/10/2020
OR,610,OR610,21:40,3.993379892,0.49755721,PDT,9/10/2020
OR,611,OR611,21:40,5.00625516,0.684558622,PDT,9/10/2020
OR,624,OR624,21:40,7.666445074,1.913645813,MFR,9/10/2020
WA,654,WA654,21:40,20.01288124,0.473495543,SEW,9/10/2020
WA,655,WA655,21:40,8.576364989,0.697271775,SEW,9/10/2020
WA,659,WA659,21:40,11.80858272,0.987084299,SEW,9/10/2020
WA,660,WA660,21:40,6.40229498,0.68115835,PQR,9/10/2020
WA,667,WA667,21:40,3.052982821,0.154044921,PQR,9/10/2020
CA,204,CA204,21:45,2.544568416,0.190185059,MFR,8/10/2020
CA,213,CA213,21:45,3.364346105,0.399255333,STO,9/5/2020
CA,215,CA215,21:45,3.66664509,0.504762934,STO,9/5/2020
CA,215,CA215,21:45,3.66664509,0.504762934,STO,8/23/2020
CA,216,CA216,21:45,4.534260594,1.004916016,STO,8/23/2020
CA,217,CA217,21:45,4.309833336,0.80090648,STO,8/23/2020
CA,218,CA218,21:45,5.61240876,0.249796943,STO,8/23/2020
CA,263,CA263,21:45,2.992304095,0.193664182,STO,9/5/2020
CA,263,CA263,21:45,2.992304095,0.193664182,STO,8/23/2020
CA,280,CA280,21:45,4.761893575,0.634010533,MFR,9/5/2020
CA,280,CA280,21:45,4.761893575,0.634010533,MFR,8/23/2020
CA,280,CA280,21:45,4.761893575,0.634010533,MFR,8/10/2020
CA,283,CA283,21:45,5.090467543,0.703024177,EKA,9/5/2020
CA,283,CA283,21:45,5.090467543,0.703024177,EKA,8/23/2020
CA,507,CA507,21:45,8.325243443,0.372505302,MTR,8/23/2020
CA,510,CA510,21:45,5.014487172,0.180713125,MTR,8/23/2020
CA,511,CA511,21:45,5.665372946,0.30139671,MTR,8/23/2020
CA,512,CA512,21:45,2.528563612,0.16224915,MTR,8/23/2020
CA,513,CA513,21:45,2.189513102,0.09591256,MTR,8/23/2020
CA,517,CA517,21:45,4.98352658,0.360583147,MTR,8/23/2020
CA,528,CA528,21:45,3.479076166,0.129707804,MTR,8/23/2020
CA,529,CA529,21:45,1.765565233,0.045967956,MTR,8/23/2020
CA,530,CA530,21:45,4.465358112,0.071152422,MTR,8/23/2020
OR,620,OR620,21:45,4.516797148,0.567124591,MFR,8/23/2020
OR,621,OR621,21:45,2.895607209,0.156876246,MFR,9/5/2020
OR,621,OR621,21:45,2.895607209,0.156876246,MFR,8/23/2020
OR,622,OR622,21:45,3.476089233,0.425106033,MFR,9/5/2020
