OID_,Latitude,Longitude,Altitude_ft_asl,Aerosol_Type,Altitude_km_AGL
1,45.661036208413414,-115.288680020964179,2.740000000000000,5,0.9096292
2,45.663995075322674,-115.289763475060894,2.740000000000000,5,0.9105141
3,45.666954075132942,-115.290847200884883,2.740000000000000,5,0.9261193
4,45.669913104096352,-115.291931266205282,2.740000000000000,5,0.9483302
5,45.672872058465025,-115.293015738791155,2.740000000000000,5,0.9543868
6,45.675830834491016,-115.294100686411525,2.740000000000000,5,1.0532819
7,45.678789328426440,-115.295186176835443,2.740000000000000,5,1.1445764
8,45.681747436523438,-115.296272277832045,2.740000000000000,5,1.1361648
9,45.684705077500624,-115.297359036813674,2.740000000000000,5,1.0727650
10,45.687662259942968,-115.298446419766520,2.740000000000000,5,1.0486563
11,45.690619014901927,-115.299534372319883,2.740000000000000,5,1.0396392
12,45.693575373428970,-115.300622840103244,2.740000000000000,5,1.0659401
13,45.696531366575641,-115.301711768746060,2.740000000000000,5,1.0610398
14,45.699487025393402,-115.302801103877769,2.740000000000000,5,1.1157881
15,45.702442380933704,-115.303890791127742,2.740000000000000,5,1.1431799
16,45.749722812677639,-115.321323575832466,2.740000000000000,5,1.2267112
17,45.752682277494443,-115.322408500590214,2.740000000000000,5,1.2176267
18,45.755643121288792,-115.323492194143711,2.740000000000000,5,1.1824234
19,45.758605499926432,-115.324574534938904,2.740000000000000,5,1.1633201
20,45.761569569273121,-115.325655401421614,2.740000000000000,5,1.1815337
21,45.764535485194550,-115.326734672037645,2.740000000000000,5,1.1915882
22,45.767503403556454,-115.327812225232847,2.740000000000000,5,1.1556305
23,45.770473480224609,-115.328887939453139,2.740000000000000,5,1.0820249
24,45.773445789124537,-115.329961767332179,2.740000000000000,5,1.0781189
25,45.776420076421161,-115.331033958255432,2.740000000000000,5,1.1020896
26,45.779396006339191,-115.332104835796130,2.740000000000000,5,1.1631570
27,45.782373243103365,-115.333174723527563,2.740000000000000,5,1.2113582
28,45.785351450938400,-115.334243945023090,2.740000000000000,5,1.2048169
29,45.788330294069063,-115.335312823856000,2.740000000000000,5,1.2069139
30,45.791309436720027,-115.336381683599470,2.740000000000000,5,1.2414652
31,45.972044568152633,-115.403140266510889,4.270000000000000,6,2.7201874
32,45.974990652540988,-115.404234921336794,4.270000000000000,6,2.7019029
33,45.977936910486818,-115.405329596000314,4.270000000000000,6,2.6444139
34,46.034068463966072,-115.426138392964134,4.330000000000000,6,2.7899709
35,46.037021636962891,-115.427230834960952,4.330000000000000,6,2.9163289
36,46.039973277130990,-115.428322562333818,3.820000000000000,6,2.5098412
37,46.042923423598388,-115.429413605672536,4.000000000000000,6,2.7464337
38,46.045872166852085,-115.430504015124967,4.000000000000000,6,2.8395014
39,46.048819597379136,-115.431593840838971,4.000000000000000,6,2.8902783
40,46.057654917470742,-115.434860317029717,3.760000000000000,6,2.8686588
41,46.060598001961544,-115.435948309269151,4.690000000000000,5,3.8029318
42,46.063540226160882,-115.437035968509676,4.690000000000000,5,3.8884614
43,46.066481680555746,-115.438123344899168,4.690000000000000,5,3.8411782
44,46.069422455633230,-115.439210488585545,4.690000000000000,5,3.8057017
45,46.092934869894009,-115.447905490908397,4.690000000000000,5,4.0064468
46,46.113510156449806,-115.455528237263920,4.450000000000000,5,3.2311685
47,46.116451193959115,-115.456619795337645,4.450000000000000,5,3.2836785
48,46.119392877381998,-115.457712212168801,4.450000000000000,5,3.1929572
49,46.131167353360709,-115.462091641774663,4.090000000000000,5,2.4910569
50,46.401974198627585,-115.563239199020231,3.520000000000000,3,1.8233920
51,46.457924771578710,-115.584359244730592,3.520000000000000,3,1.9304976
52,46.460871023852150,-115.585467114752163,3.520000000000000,3,1.9506998
53,46.463815951503172,-115.586574734643534,3.520000000000000,3,2.0618563
54,46.466759299956969,-115.587682121491255,1.810000000000000,5,0.3663877
55,46.469700814638671,-115.588789292381861,1.810000000000000,5,0.4221783
56,46.472640240973440,-115.589896264401830,1.810000000000000,5,0.4117027
57,46.475577324386400,-115.591003054637596,3.520000000000000,3,2.1254697
58,46.478511810302741,-115.592109680175781,3.520000000000000,3,2.0035636
59,46.481443557426594,-115.593216147598483,3.520000000000000,3,1.9754932
60,46.484372877578203,-115.594322421470750,2.170000000000000,5,0.5270460
61,46.487300195856776,-115.595428455853124,2.170000000000000,5,0.5050847
62,46.490225937361558,-115.596534204806304,2.170000000000000,5,0.4793527
63,46.493150527191801,-115.597639622390943,3.520000000000000,3,1.7954820
64,46.496074390446715,-115.598744662667713,3.520000000000000,3,1.7811986
65,46.498997952225530,-115.599849279697139,3.520000000000000,3,1.8974983
66,46.546016655070602,-115.617440459732620,2.950000000000000,3,1.6188022
67,46.548972936650337,-115.618536089533023,2.950000000000000,3,1.7489519
68,46.551929801049106,-115.619631772318627,2.950000000000000,3,1.7787030
69,46.554886921422721,-115.620727606943547,2.950000000000000,3,1.7879131
70,46.557843970926974,-115.621823692261898,2.950000000000000,3,1.9088401
71,46.560800622717608,-115.622920127127685,2.950000000000000,3,1.9169658
72,46.563756549950433,-115.624017010394994,2.950000000000000,3,1.9171458
73,46.566711425781250,-115.625114440917969,2.950000000000000,3,1.9182445
74,46.569664974558769,-115.626212501603348,2.950000000000000,3,1.8683498
75,46.572617125403738,-115.627311211569094,2.950000000000000,3,1.8090184
76,46.575567858629746,-115.628410573985747,2.950000000000000,3,1.7576891
77,46.578517154550489,-115.629510592023891,2.950000000000000,3,1.7689681
78,46.581464993479614,-115.630611268854253,2.950000000000000,3,1.7887722
79,46.584411355730794,-115.631712607647415,2.950000000000000,3,1.7349702
80,46.587356221617640,-115.632814611573906,2.950000000000000,3,1.7744772
81,46.590299571453862,-115.633917283804408,2.950000000000000,3,1.7886313
82,46.593241385553085,-115.635020627509562,2.950000000000000,3,1.7844052
83,46.596181644228949,-115.636124645859894,2.950000000000000,3,1.7659191
84,46.599120327795163,-115.637229342026089,2.950000000000000,3,1.8001118
85,46.602057416565351,-115.638334719178786,2.950000000000000,3,1.7763965
86,46.604992890853168,-115.639440780488542,2.950000000000000,3,1.7636318
87,46.607926730972267,-115.640547529125953,2.950000000000000,3,1.7641305
88,46.610858917236328,-115.641654968261733,2.950000000000000,3,1.7698596
89,46.613789486144654,-115.642763109075261,2.950000000000000,3,1.7687098
90,46.616718698939287,-115.643871994781648,2.950000000000000,3,1.7654477
91,46.619646873047927,-115.644981676604658,2.950000000000000,3,1.7203652
92,46.622574325898249,-115.646092205768241,2.950000000000000,3,1.7453218
93,46.625501374917967,-115.647203633496275,2.950000000000000,3,1.7373197
94,46.628428337534800,-115.648316011012668,2.950000000000000,3,1.7057195
95,46.631355531176396,-115.649429389541183,2.950000000000000,3,1.6755435
96,46.634283273270484,-115.650543820305813,2.950000000000000,3,1.6095046
97,46.637211881244774,-115.651659354530409,2.950000000000000,3,1.5928478
98,46.640141672526923,-115.652776043438791,2.950000000000000,3,1.5466055
99,46.643072964544650,-115.653893938254924,2.950000000000000,3,1.4705212
100,46.646006074725690,-115.655013090202672,2.950000000000000,3,1.5330003
101,46.648941320497684,-115.656133550505885,2.950000000000000,3,1.6153586
102,46.651879019288344,-115.657255370388413,2.950000000000000,3,1.6393982
103,46.654819488525391,-115.658378601074219,2.950000000000000,3,1.6492221
104,46.657762941503478,-115.659503239269284,2.950000000000000,3,1.7062593
105,46.660709174985293,-115.660629063608539,2.950000000000000,3,1.7191191
106,46.663657881600422,-115.661755798208929,2.950000000000000,3,1.7823267
107,46.666608753978508,-115.662883167187474,2.950000000000000,3,1.7851949
108,46.669561484749210,-115.664010894661274,2.950000000000000,3,1.7565490
109,46.672515766542155,-115.665138704747363,2.950000000000000,3,1.7444633
110,46.675471291986945,-115.666266321562702,2.950000000000000,3,1.7688847
111,46.678427753713237,-115.667393469224336,2.950000000000000,3,1.7966655
112,46.681384844350667,-115.668519871849355,2.950000000000000,3,1.7682446
113,46.684342256528844,-115.669645253554648,2.950000000000000,3,1.7555465
114,46.687299682877423,-115.670769338457390,2.950000000000000,3,1.7770535
115,46.690256816026043,-115.671891850674569,2.950000000000000,3,1.7648367
116,46.693213348604310,-115.673012514323176,2.950000000000000,3,1.7283939
117,46.696168973241861,-115.674131053520213,2.950000000000000,3,1.7250791
118,46.699123382568359,-115.675247192382813,2.950000000000000,3,1.7210016
119,46.702076344729029,-115.676360740759378,2.950000000000000,3,1.7522067
120,46.705027929931767,-115.677471851424443,2.950000000000000,3,1.7186644
121,46.707978283900005,-115.678580762883882,2.950000000000000,3,1.6498526
122,46.710927552357212,-115.679687713643574,2.950000000000000,3,1.6237040
123,46.713875881026894,-115.680792942209536,2.950000000000000,3,1.5665579
124,46.716823415632533,-115.681896687087701,2.950000000000000,3,1.6881572
125,46.719770301897569,-115.682999186783874,2.950000000000000,3,1.6929463
126,46.766948836578983,-115.700648737503201,4.810000000000000,5,3.8064904
127,46.769905987358200,-115.701759897717224,4.810000000000000,5,3.7842736
128,46.772864861635313,-115.702872447832902,4.810000000000000,5,3.7380233
129,46.775825577224495,-115.703986442131495,4.810000000000000,5,3.7719622
130,46.778788251939858,-115.705101934894117,4.810000000000000,5,3.7561927
131,46.781753003595540,-115.706218980401843,4.810000000000000,5,3.7196927
132,46.784719950005652,-115.707337632935847,4.810000000000000,5,3.6652558
133,46.787689208984382,-115.708457946777358,4.810000000000000,5,3.6456230
134,46.790660788313211,-115.709579929651653,4.810000000000000,5,3.5644095
135,46.793634255643283,-115.710703403061359,4.810000000000000,5,3.4514158
136,46.796609068593085,-115.711828141953120,4.810000000000000,5,3.4293664
137,46.799584684781138,-115.712953921273694,4.810000000000000,5,3.3675506
138,46.802560561825963,-115.714080515969883,4.810000000000000,5,3.4116917
139,46.805536157346083,-115.715207700988458,4.810000000000000,5,3.4076014
140,46.808510928959969,-115.716335251276092,4.810000000000000,5,3.4516795
141,46.811484334286149,-115.717462941779573,4.810000000000000,5,3.5174839
142,46.814455830943153,-115.718590547445686,4.810000000000000,5,3.4156573
143,46.817424876549467,-115.719717843221105,4.810000000000000,5,3.4909122
144,46.820390928723612,-115.720844604052644,4.810000000000000,5,3.5947428
145,46.823353445084109,-115.721970604887090,4.810000000000000,5,3.5678017
146,46.826311883249460,-115.723095620671103,4.810000000000000,5,3.6712198
147,46.829265700838164,-115.724219426351482,4.810000000000000,5,3.7723956
148,46.832214355468757,-115.725341796875000,4.810000000000000,5,3.7087004
149,46.835157499749656,-115.726462588481738,4.810000000000000,5,3.7511871
150,46.838095566249152,-115.727581982585377,4.810000000000000,5,3.8052030
151,46.841029182525361,-115.728700241892923,4.810000000000000,5,3.7863970
152,46.843958976136477,-115.729817629111366,4.810000000000000,5,3.8307681
153,46.846885574640702,-115.730934406947796,4.810000000000000,5,3.9736080
154,46.849809605596199,-115.732050838109217,4.810000000000000,5,4.0309954
155,46.852731696561129,-115.733167185302591,4.810000000000000,5,4.0968924
156,46.855652475093670,-115.734283711234980,4.810000000000000,5,4.1705127
157,46.858572568752017,-115.735400678613402,4.810000000000000,5,4.2174478
158,46.861492605094305,-115.736518350144863,4.810000000000000,5,4.3067441
159,46.864413211678766,-115.737636988536408,4.810000000000000,5,4.3208723
160,46.867335016063549,-115.738756856495073,4.810000000000000,5,4.2111158
161,46.870258645806821,-115.739878216727831,4.810000000000000,5,4.1505380
162,46.873184728466768,-115.741001331941703,4.810000000000000,5,4.0354848
163,46.876113891601570,-115.742126464843764,4.810000000000000,5,4.0094233
164,46.879046603729059,-115.743253796192008,4.810000000000000,5,4.0007749
165,46.881982697205927,-115.744383178948851,4.810000000000000,5,3.8873839
166,46.884921845348451,-115.745514384127546,4.810000000000000,5,3.8260999
167,46.887863721472947,-115.746647182741484,4.810000000000000,5,3.6369872
168,46.890807998895767,-115.747781345804071,4.810000000000000,5,3.4926429
169,46.893754350933207,-115.748916644328659,4.810000000000000,5,3.3330975
170,46.896702450901593,-115.750052849328526,4.810000000000000,5,3.2130115
171,46.899651972117233,-115.751189731817135,4.810000000000000,5,3.2922447
172,46.902602587896475,-115.752327062807780,4.810000000000000,5,3.3912461
173,46.905553971555598,-115.753464613313795,4.810000000000000,5,3.4642420
174,46.908505796410964,-115.754602154348632,4.810000000000000,5,3.5576437
175,46.911457735778882,-115.755739456925639,4.810000000000000,5,3.8553536
176,46.914409462975662,-115.756876292058109,4.810000000000000,5,4.0348625
177,46.917360651317615,-115.758012430759408,2.830000000000000,5,2.1443946
178,46.920310974121101,-115.759147644042969,2.830000000000000,5,2.1102848
179,46.923260176271896,-115.760281730150012,2.830000000000000,5,1.9957790
180,46.926208288933942,-115.761414596233706,4.810000000000000,5,3.7502203
181,46.929155414840615,-115.762546176675016,4.810000000000000,5,3.6118450
182,46.932101656725301,-115.763676405854980,4.810000000000000,5,3.5496576
183,46.935047117321432,-115.764805218154677,4.810000000000000,5,3.4425020
184,46.937991899362409,-115.765932547955131,4.810000000000000,5,3.4228592
185,46.940936105581606,-115.767058329637322,4.810000000000000,5,3.3002808
186,46.943879838712434,-115.768182497582345,4.810000000000000,5,3.3265498
187,46.946823201488307,-115.769304986171178,4.810000000000000,5,3.3889122
188,46.949766296642601,-115.770425729784847,4.810000000000000,5,3.3393631
189,46.952709226908745,-115.771544662804445,4.810000000000000,5,3.3506141
190,46.955652095020142,-115.772661719610994,4.810000000000000,5,3.2389438
191,46.958595003710180,-115.773776834585490,4.810000000000000,5,3.0781977
192,46.961538055712239,-115.774889942108956,4.810000000000000,5,3.0864661
193,46.964481353759766,-115.776000976562486,4.810000000000000,5,3.1044078
194,46.967424989767281,-115.777109935786655,4.810000000000000,5,3.1367774
195,46.970369012374050,-115.778217071460645,4.810000000000000,5,3.2964535
196,46.973313459400437,-115.779322698723107,4.810000000000000,5,3.2884443
197,46.976258368666812,-115.780427132712802,4.810000000000000,5,3.3010294
198,46.979203777993597,-115.781530688568495,4.810000000000000,5,3.4492903
199,46.982149725201182,-115.782633681428919,4.810000000000000,5,3.4394886
200,46.985096248109919,-115.783736426432711,4.810000000000000,5,3.2590318
201,46.988043384540198,-115.784839238718632,4.810000000000000,5,3.1246586
202,46.990991172312441,-115.785942433425490,4.810000000000000,5,3.1028287
203,46.993939649247004,-115.787046325691890,4.810000000000000,5,3.1104999
204,46.996888853164279,-115.788151230656624,4.810000000000000,5,3.1280987
205,46.999838821884680,-115.789257463458455,4.810000000000000,5,3.2461472
206,47.002789593228563,-115.790365339236033,4.810000000000000,5,3.3785279
207,47.005741205016321,-115.791475173128106,4.810000000000000,5,3.3959816
208,47.008693695068366,-115.792587280273452,4.810000000000000,5,3.1880660
209,47.011647071780580,-115.793701893673713,4.810000000000000,5,3.1717656
210,47.014601225851152,-115.794818917782649,4.810000000000000,5,3.0771754
211,47.017556018553734,-115.795938174916841,4.810000000000000,5,2.9184251
212,47.020511311161982,-115.797059487392971,4.810000000000000,5,2.8661561
213,47.023466964949620,-115.798182677527748,4.810000000000000,5,2.9226911
214,47.026422841190310,-115.799307567637825,4.810000000000000,5,2.8501318
215,47.029378801157698,-115.800433980039799,4.810000000000000,5,2.8425829
216,47.032334706125511,-115.801561737050434,4.810000000000000,5,2.7910085
217,47.035290417367399,-115.802690660986315,4.810000000000000,5,2.7955308
218,47.038245796157028,-115.803820574164121,4.810000000000000,5,2.8263600
219,47.041200703768105,-115.804951298900548,4.810000000000000,5,2.9196882
220,47.044155001474323,-115.806082657512263,4.810000000000000,5,2.9473751
221,47.047108550549304,-115.807214472315920,4.810000000000000,5,3.0476270
222,47.050061212266762,-115.808346565628113,4.810000000000000,5,3.1344814
223,47.053012847900391,-115.809478759765625,4.810000000000000,5,3.2296011
224,47.055963356818012,-115.810610911556196,4.810000000000000,5,3.3691173
225,47.058912790764289,-115.811743015872409,4.810000000000000,5,3.3834753
226,47.061861239578000,-115.812875102097863,4.810000000000000,5,3.4617324
227,47.064808793097932,-115.814007199616285,4.810000000000000,5,3.5260472
228,47.067755541162938,-115.815139337811360,4.810000000000000,5,3.5355210
229,47.070701573611821,-115.816271546066773,4.810000000000000,5,3.6111476
230,47.073646980283343,-115.817403853766137,4.810000000000000,5,3.6261759
231,47.076591851016332,-115.818536290293224,2.260000000000000,3,1.0211142
232,47.079536275649609,-115.819668885031646,2.260000000000000,3,1.0139683
233,47.082480344021953,-115.820801667365075,2.260000000000000,3,0.9935536
234,47.085424145972183,-115.821934666677251,2.260000000000000,3,1.0376996
235,47.088367771339122,-115.823067912351831,2.260000000000000,3,1.0671841
236,47.091311309961554,-115.824201433772473,2.260000000000000,3,1.0673317
237,47.094254851678272,-115.825335260322845,2.260000000000000,3,1.0170585
238,47.097198486328132,-115.826469421386690,2.260000000000000,3,0.9806696
239,47.100142292695352,-115.827603946953957,2.260000000000000,3,0.9480877
240,47.103086305346245,-115.828738869440258,2.260000000000000,3,0.8743353
241,47.106030547792486,-115.829874221867428,2.260000000000000,3,0.7337109
242,47.108975043545804,-115.831010037257343,2.260000000000000,3,0.5485610
243,47.111919816117947,-115.832146348631909,2.260000000000000,3,0.4803245
244,47.114864889020630,-115.833283189013031,2.260000000000000,3,0.5084436
245,47.117810285765550,-115.834420591422528,2.260000000000000,3,0.5936755
246,47.120756029864459,-115.835558588882336,2.260000000000000,3,0.7122535
247,47.123702144829096,-115.836697214414357,2.260000000000000,3,0.7803297
248,47.126648654171127,-115.837836501040385,2.260000000000000,3,0.7861431
249,47.129595581402313,-115.838976481782382,2.260000000000000,3,0.7983475
250,47.132542950034406,-115.840117189662266,2.260000000000000,3,0.7632563
251,47.135490783579080,-115.841258657701843,2.260000000000000,3,0.7235215
252,47.138439105548066,-115.842400918922991,2.260000000000000,3,0.5895389
253,47.141387939453125,-115.843544006347670,2.260000000000000,3,0.6360080
254,47.144337291193914,-115.844687925103287,2.260000000000000,3,0.7103966
255,47.147287096222044,-115.845832568739837,2.260000000000000,3,0.8364052
256,47.150237272377055,-115.846977802912761,2.260000000000000,3,0.8824551
257,47.153187737498506,-115.848123493277626,2.260000000000000,3,0.8762095
258,47.156138409425978,-115.849269505489971,2.260000000000000,3,0.9689603
259,47.159089205999038,-115.850415705205293,2.260000000000000,3,0.9588194
260,47.162040045057203,-115.851561958079060,2.260000000000000,3,1.1351380
261,47.164990844440069,-115.852708129766867,2.260000000000000,3,1.2430084
262,47.167941521987174,-115.853854085924226,2.260000000000000,3,1.2156521
263,47.170891995538085,-115.854999692206562,2.260000000000000,3,1.1623687
264,47.173842182932361,-115.856144814269527,2.260000000000000,3,1.0648041
265,47.176792002009584,-115.857289317768618,2.260000000000000,3,1.1992199
266,47.179741370609285,-115.858433068359261,2.260000000000000,3,1.1940211
267,47.182690206571024,-115.859575931697037,2.260000000000000,3,1.2281444
268,47.185638427734382,-115.860717773437514,2.260000000000000,3,1.1201012
269,47.188585980318308,-115.861858484305984,2.260000000000000,3,1.0911974
270,47.191532924059580,-115.862998055307457,2.260000000000000,3,1.0329185
271,47.194479347074299,-115.864136502516629,2.260000000000000,3,1.0415546
272,47.197425337478627,-115.865273842008335,2.260000000000000,3,1.1031058
273,47.200370983388730,-115.866410089857354,2.260000000000000,3,1.0355986
274,47.203316372920753,-115.867545262138549,2.260000000000000,3,1.0014520
275,47.206261594190806,-115.868679374926558,2.260000000000000,3,1.0358144
276,47.209206735315085,-115.869812444296258,2.260000000000000,3,1.0235610
277,47.212151884409721,-115.870944486322443,2.260000000000000,3,1.0376606
278,47.215097129590852,-115.872075517079807,2.260000000000000,3,1.0229839
279,47.218042558974638,-115.873205552643242,2.260000000000000,3,1.0721264
280,47.220988260677260,-115.874334609087541,2.260000000000000,3,1.0334634
281,47.223934322814813,-115.875462702487397,2.260000000000000,3,1.1366183
282,47.226880833503458,-115.876589848917632,2.260000000000000,3,1.0704128
283,47.229827880859375,-115.877716064453097,2.260000000000000,3,1.0888094
284,47.232775532821783,-115.878841376424106,2.260000000000000,3,1.1492521
285,47.235723776622386,-115.879965857183862,2.260000000000000,3,1.2572891
286,47.238672579315967,-115.881089590340963,2.260000000000000,3,1.1798960
287,47.241621907957281,-115.882212659504077,2.260000000000000,3,1.1758823
288,47.244571729601155,-115.883335148282015,2.260000000000000,3,1.2160739
289,47.247522011302372,-115.884457140283473,2.260000000000000,3,1.2657766
290,47.250472720115674,-115.885578719117078,2.260000000000000,3,1.4021076
291,47.253423823095879,-115.886699968391568,3.310000000000000,5,2.4510975
292,47.256375287297786,-115.887820971715698,3.310000000000000,5,2.5594566
293,47.259327079776128,-115.888941812698036,3.310000000000000,5,2.4005558
294,47.262279167585739,-115.890062574947422,3.370000000000000,5,2.4460645
295,47.265231517781395,-115.891183342072537,3.370000000000000,5,2.4211872
296,47.268184097417873,-115.892304197682037,3.370000000000000,5,2.3988235
297,47.271136873549935,-115.893425225384632,3.790000000000000,6,2.8283455
298,47.274089813232429,-115.894546508789077,3.790000000000000,6,2.7509527
299,47.277042869161654,-115.895668126967763,3.790000000000000,6,2.6894391
300,47.279995936600379,-115.896790140848481,3.190000000000000,5,2.0446281
301,47.282948896452851,-115.897912606822572,3.190000000000000,5,1.8928974
302,47.285901629623375,-115.899035581281481,3.190000000000000,5,1.8100111
303,47.288854017016270,-115.900159120616678,3.790000000000000,6,2.3547831
304,47.291805939535820,-115.901283281219634,3.790000000000000,6,2.2709858
305,47.294757278086287,-115.902408119481734,3.790000000000000,6,2.1521482
306,47.297707913571990,-115.903533691794422,3.790000000000000,6,2.2647727
307,47.300657726897235,-115.904660054549183,3.790000000000000,6,2.3531196
308,47.303606598966283,-115.905787264137373,3.790000000000000,6,2.3745396
309,47.306554410683447,-115.906915376950536,3.790000000000000,6,2.4232924
310,47.309501042953038,-115.908044449380057,3.790000000000000,6,2.6096303
311,47.312446376679311,-115.909174537817421,3.790000000000000,6,2.6183085
312,47.315390292766573,-115.910305698653957,3.790000000000000,6,2.5691125
313,47.318332672119141,-115.911437988281250,3.790000000000000,6,2.5255439
314,47.321273482294075,-115.912571445113628,3.790000000000000,6,2.5958796
315,47.324213037459700,-115.913706035657711,3.790000000000000,6,2.6583285
316,47.327151738437088,-115.914841708442964,3.790000000000000,6,2.8108640
317,47.330089986047334,-115.915978411998907,3.790000000000000,6,2.8548365
318,47.333028181111573,-115.917116094855089,3.790000000000000,6,2.7617755
319,47.335966724450870,-115.918254705541074,3.790000000000000,6,2.6914635
320,47.338906016886320,-115.919394192586310,3.790000000000000,6,2.6375005
321,47.341846459239022,-115.920534504520361,3.790000000000000,6,2.6971431
322,47.344788452330100,-115.921675589872791,3.790000000000000,6,2.7240524
323,47.347732396980597,-115.922817397173020,3.790000000000000,6,2.7432730
324,47.350678694011648,-115.923959874950640,3.790000000000000,6,2.7137177
325,47.353627744244356,-115.925102971735271,3.790000000000000,6,2.5362279
326,47.356579948499800,-115.926246636056277,3.790000000000000,6,2.4283319
327,47.359535707599065,-115.927390816443250,3.790000000000000,6,2.4030595
328,47.362495422363281,-115.928535461425781,3.790000000000000,6,2.3078251
329,47.365459327511985,-115.929680510076082,3.790000000000000,6,2.0964909
330,47.368426993358653,-115.930825863637935,3.790000000000000,6,2.0787439
331,47.371397824115206,-115.931971413897713,3.790000000000000,6,2.2289298
332,47.374371223993556,-115.933117052641862,3.790000000000000,6,2.2851398
333,47.377346597205666,-115.934262671656924,3.790000000000000,6,2.4130428
334,47.380323347963447,-115.935408162729317,3.790000000000000,6,2.4696896
335,47.383300880478814,-115.936553417645456,3.790000000000000,6,2.4574869
336,47.386278598963706,-115.937698328191885,3.790000000000000,6,2.4984217
337,47.389255907630066,-115.938842786155035,3.790000000000000,6,2.4662330
338,47.392232210689791,-115.939986683321308,3.790000000000000,6,2.5901020
339,47.395206912354823,-115.941129911477233,3.790000000000000,6,2.6748114
340,47.398179416837110,-115.942272362409284,3.790000000000000,6,2.6429164
341,47.401149128348557,-115.943413927903890,3.790000000000000,6,2.4205692
342,47.404115451101077,-115.944554499747454,3.790000000000000,6,2.2941799
343,47.407077789306648,-115.945693969726563,3.790000000000000,6,2.2163162
344,47.410035699944928,-115.946832262827641,3.790000000000000,6,2.2398961
345,47.412989351066777,-115.947969436837681,3.790000000000000,6,2.2846746
346,47.415939063490775,-115.949105582743499,3.790000000000000,6,2.2732532
347,47.418885158035529,-115.950240791532138,3.790000000000000,6,2.1461980
348,47.421827955519660,-115.951375154190572,3.790000000000000,6,2.1881237
349,47.424767776761769,-115.952508761705730,3.790000000000000,6,2.3221915
350,47.427704942580441,-115.953641705064527,3.790000000000000,6,2.3296044
351,47.430639773794297,-115.954774075253980,4.060000000000000,5,2.6621115
352,47.433572591221953,-115.955905963261046,4.060000000000000,5,2.7158968
353,47.436503715681965,-115.957037460072598,4.060000000000000,5,2.6714509
354,47.439433467992998,-115.958168656675667,4.060000000000000,5,2.7261040
355,47.442362168973631,-115.959299644057253,4.060000000000000,5,2.7396300
356,47.445290139442463,-115.960430513204201,4.060000000000000,5,2.9150615
357,47.448217700218080,-115.961561355103498,4.060000000000000,5,2.8112755
358,47.451145172119141,-115.962692260742188,4.060000000000000,5,2.8361812
359,47.454072841286489,-115.963823319834262,4.060000000000000,5,2.7328572
360,47.457000855150241,-115.964954617002576,4.060000000000000,5,2.6129632
361,47.459929326462728,-115.966086235596990,4.060000000000000,5,2.4321225
362,47.462858367976345,-115.967218258967392,4.060000000000000,5,2.5870452
363,47.465788092443461,-115.968350770463786,4.060000000000000,5,2.7020750
364,47.468718612616456,-115.969483853436074,4.060000000000000,5,2.8323786
365,47.471650041247663,-115.970617591234074,4.060000000000000,5,2.9848516
366,47.562987487995109,-116.006109864380832,4.060000000000000,5,2.9276891
367,47.565931848409249,-116.007255002361489,4.060000000000000,5,3.0208654
368,47.568875788236447,-116.008400185802486,4.060000000000000,5,2.9512782
369,47.571819372694243,-116.009545496239852,4.060000000000000,5,2.7983987
370,47.574762667000165,-116.010691015209517,4.060000000000000,5,2.8716450
371,47.577705736371691,-116.011836824247439,4.060000000000000,5,2.8256540
372,47.580648646026333,-116.012983004889534,4.060000000000000,5,2.7834642
373,47.583591461181648,-116.014129638671889,4.060000000000000,5,2.7130485
374,47.586534237704413,-116.015276789569725,4.060000000000000,5,2.7766712
375,47.589476994058764,-116.016424451316226,4.060000000000000,5,2.8700523
376,47.592419739358085,-116.017572600083739,4.060000000000000,5,2.8726528
377,47.595362482715800,-116.018721212044724,4.060000000000000,5,2.9397554
378,47.598305233245306,-116.019870263371715,4.060000000000000,5,2.8029592
379,47.601248000060039,-116.021019730237086,4.060000000000000,5,2.7110915
380,47.604190792273371,-116.022169588813270,4.060000000000000,5,2.4952388
381,47.607133618998731,-116.023319815272743,4.300000000000000,6,2.7681856
382,47.610076489349538,-116.024470385787993,4.300000000000000,6,2.9137526
383,47.613019412439179,-116.025621276531382,4.300000000000000,6,3.0373013
384,47.615962397381075,-116.026772463675442,4.300000000000000,6,3.0934503
385,47.618905453288654,-116.027923923392592,4.300000000000000,6,3.1776929
386,47.621848589275302,-116.029075631855278,4.300000000000000,6,3.2931881
387,47.624791814454419,-116.030227565235904,4.300000000000000,6,3.4292073
388,47.627735137939453,-116.031379699707060,4.300000000000000,6,3.2503355
389,47.630678565073325,-116.032532029010767,4.300000000000000,6,3.1423898
390,47.633622086117271,-116.033684617168504,4.300000000000000,6,3.0005274
391,47.636565687561983,-116.034837545771268,4.300000000000000,6,3.0470862
392,47.639509355898205,-116.035990896410127,4.300000000000000,6,3.1582832
393,47.642453077616707,-116.037144750676219,4.300000000000000,6,3.2938128
394,47.645396839208217,-116.038299190160629,4.300000000000000,6,3.2534318
395,47.648340627163464,-116.039454296454338,4.300000000000000,6,3.2930255
396,47.695447463189417,-116.058057010417372,4.300000000000000,6,3.0968864
397,47.698395424797994,-116.059220571656283,4.300000000000000,6,3.1254284
398,47.701344611026975,-116.060382444982338,4.300000000000000,6,3.1358612
399,47.704295168525285,-116.061542287168777,4.300000000000000,6,3.1421838
400,47.707247243941801,-116.062699754988699,4.300000000000000,6,3.1092794
401,47.710200983925404,-116.063854505215204,4.300000000000000,6,2.9360485
402,47.713156535124980,-116.065006194621404,4.300000000000000,6,2.9118049
403,47.716114044189446,-116.066154479980483,4.300000000000000,6,2.9721599
404,47.719073592065264,-116.067299143552873,4.300000000000000,6,2.9026570
405,47.722034996889398,-116.068440469548776,4.300000000000000,6,2.8410349
406,47.724998011096346,-116.069578867665612,4.300000000000000,6,2.7976947
407,47.727962387120655,-116.070714747600860,4.300000000000000,6,2.8622224
408,47.730927877396837,-116.071848519052111,4.300000000000000,6,2.9080784
409,47.733894234359468,-116.072980591716828,4.300000000000000,6,2.9953647
410,47.736861210443024,-116.074111375292418,4.300000000000000,6,3.1134646
411,47.739828558082067,-116.075241279476487,4.300000000000000,6,3.2409804
412,47.742796029711123,-116.076370713966483,4.300000000000000,6,3.2540674
413,47.745763377764703,-116.077500088459843,4.300000000000000,6,3.2406681
414,47.748730354677363,-116.078629812654171,4.300000000000000,6,3.1307051
415,47.751696712883650,-116.079760296246945,4.300000000000000,6,3.0630360
416,47.754662204818054,-116.080891948935601,4.300000000000000,6,3.1008692
417,47.757626582915101,-116.082025180417631,4.300000000000000,6,3.1693945
418,47.760589599609382,-116.083160400390625,4.300000000000000,6,3.3582399
419,47.763551063737282,-116.084297931010681,4.300000000000000,6,3.2098160
420,47.766511009742977,-116.085437744269129,4.300000000000000,6,3.2046316
421,47.769469528472520,-116.086579724615746,4.300000000000000,6,3.2536879
422,47.772426710771946,-116.087723756500509,4.300000000000000,6,3.2081623
423,47.775382647487348,-116.088869724373339,4.300000000000000,6,3.0988154
424,47.778337429464784,-116.090017512684170,4.300000000000000,6,3.1576478
425,47.781291147550291,-116.091167005882809,4.300000000000000,6,3.1002760
426,47.916727582579973,-116.144550990322514,2.980000000000000,3,1.7508523
427,47.919663961691377,-116.145717523245310,2.980000000000000,3,1.8486781
428,47.922600693186887,-116.146883642531009,2.980000000000000,3,1.8538303
429,47.925537901921423,-116.148049185240765,2.980000000000000,3,1.8682050
430,47.928475712749879,-116.149213988435775,2.980000000000000,3,1.8109134
431,47.931414250527133,-116.150377889177037,2.980000000000000,3,1.7648871
432,47.934353640108078,-116.151540724525702,2.980000000000000,3,1.7683364
433,47.937294006347656,-116.152702331542955,2.980000000000000,3,1.7392594
434,47.940235444747408,-116.153862585787721,2.980000000000000,3,1.6312890
435,47.943177933395852,-116.155021516810592,2.980000000000000,3,1.6099929
436,47.946121421028131,-116.156179192659977,2.980000000000000,3,1.7156618
437,47.949065856379420,-116.157335681384225,2.980000000000000,3,1.8717672
438,47.952011188184919,-116.158491051031888,2.980000000000000,3,1.9040650
439,47.954957365179787,-116.159645369651344,2.980000000000000,3,1.9336344
440,47.957904336099183,-116.160798705290915,2.980000000000000,3,1.9266857
441,47.960852049678302,-116.161951125999153,4.420000000000000,5,3.3248818
442,47.963800454652329,-116.163102699824421,4.420000000000000,5,3.2786579
443,47.966749499756396,-116.164253494815100,4.420000000000000,5,3.2709887
444,47.969699133725726,-116.165403579019696,4.420000000000000,5,3.1799216
445,47.972649305295477,-116.166553020486617,4.420000000000000,5,3.0674539
446,47.975599963200821,-116.167701887264229,4.420000000000000,5,3.0196416
447,47.978551056176919,-116.168850247400968,3.760000000000000,5,2.4181652
448,47.981502532958984,-116.169998168945327,3.760000000000000,5,2.3402050
449,47.984454311070479,-116.171145726564049,3.760000000000000,5,2.2359233
450,47.987406183188384,-116.172293021397920,4.420000000000000,5,2.8351581
451,47.990357910777895,-116.173440161205889,4.420000000000000,5,2.8634589
452,47.993309255304297,-116.174587253747077,4.420000000000000,5,2.8662164
453,47.996259978232828,-116.175734406780606,4.420000000000000,5,3.0169199
454,47.999209841028787,-116.176881728065567,4.420000000000000,5,3.0585485
455,48.002158605157362,-116.178029325360953,4.420000000000000,5,3.0375130
456,48.005106032083852,-116.179177306425942,4.690000000000000,5,3.3047869
457,48.008051883273524,-116.180325779019569,4.690000000000000,5,3.3279934
458,48.010995920191590,-116.181474850900855,4.690000000000000,5,3.4450383
459,48.013937904303333,-116.182624629829022,4.690000000000000,5,3.4069729
460,48.016877597074014,-116.183775223563089,4.690000000000000,5,3.2635548
461,48.019814759968888,-116.184926739862121,4.690000000000000,5,3.2141161
462,48.022749154453173,-116.186079286485167,4.210000000000000,5,2.7226584
463,48.025680541992188,-116.187232971191406,4.210000000000000,5,2.8422787
464,48.028608806603167,-116.188387870676564,4.210000000000000,5,2.9363108
465,48.031534322511618,-116.189543937383689,4.000000000000000,5,2.6386697
466,48.034457586495009,-116.190701092692308,4.000000000000000,5,2.5843785
467,48.037379095330849,-116.191859257982088,4.000000000000000,5,2.4932272
468,48.040299345796655,-116.193018354632756,4.690000000000000,5,3.1761570
469,48.043218834669929,-116.194178304023993,4.690000000000000,5,3.2706673
470,48.046138058728133,-116.195339027535340,4.690000000000000,5,3.4061973
471,48.093144923596448,-116.213964505026055,4.030000000000000,6,2.6029470
472,48.096105952721935,-116.215131774141653,4.030000000000000,6,2.7041693
473,48.099068268235342,-116.216299749591741,4.030000000000000,6,2.5623901
474,48.102031545715093,-116.217468502464925,4.660000000000000,6,3.1113653
475,48.104995460739580,-116.218638103849898,4.660000000000000,6,3.1029444
476,48.107959688887163,-116.219808624835125,4.660000000000000,6,3.1420155
477,48.110923905736243,-116.220980136509255,4.660000000000000,6,3.2640116
478,48.113887786865234,-116.222152709960923,4.660000000000000,6,3.3890200
479,48.116851074467526,-116.223326397268309,4.660000000000000,6,3.4826117
480,48.119813777196867,-116.224501174468202,4.660000000000000,6,3.5787778
481,48.122775970321989,-116.225676998586906,4.660000000000000,6,3.7496946
482,48.125737729111655,-116.226853826650739,4.660000000000000,6,3.8269658
483,48.128699128834647,-116.228031615686191,4.660000000000000,6,3.9470439
484,48.131660244759701,-116.229210322719524,4.660000000000000,6,3.9559345
485,48.134621152155582,-116.230389904777070,4.660000000000000,6,3.9002314
486,48.164234957555358,-116.242224281754829,4.630000000000000,6,4.0001845
487,48.167197687237540,-116.243410377959492,4.630000000000000,6,4.0002961
488,48.170160304807418,-116.244596573111750,4.630000000000000,6,4.0002961
489,48.270509321840905,-116.284422328084830,4.149999999999999,5,2.9291954
490,48.279411162185760,-116.287899323000389,4.240000000000000,5,2.8134651
491,48.282378778152236,-116.289058993403543,4.240000000000000,5,2.8246963
492,48.285346110318883,-116.290219176403212,4.240000000000000,5,2.7880175
493,48.288312887650349,-116.291379977927917,4.149999999999999,5,2.7503366
494,48.291278839111342,-116.292541503906278,4.149999999999999,5,2.7849340
495,48.294243738536487,-116.293703843337454,4.149999999999999,5,2.9837644
496,48.306092330876545,-116.298361591942509,4.300000000000000,5,3.2635801
497,48.309051718545902,-116.299528148578545,4.300000000000000,5,3.1366165
498,48.312009998418759,-116.300695561714292,4.300000000000000,5,2.9688230
